"Name","Gross Import","Share","Code","Sector"
"Horses","285802","0.001130153210051396","0101","Agriculture"
"Bovine","4875459","0.019279136042868728","0102","Agriculture"
"Fowl","6426112","0.025410917715585603","0105","Agriculture"
"Other live animals","371994","0.0014709841541341872","0106","Agriculture"
"Beef","2070","0.000008185447074570471","0201","Agriculture"
"Beef (frozen)","902597","0.00356915940732661","0202","Agriculture"
"Pork","3491","0.000013804539003538897","0203","Agriculture"
"Edible offal","1211543","0.0047908314517228654","0206","Agriculture"
"Poultry","421472","0.0016666361108277127","0207","Agriculture"
"Preserved meat","603763","0.0023874734696057447","0210","Agriculture"
"Live Fish","21670162","0.08569080393640975","0301","Agriculture"
"Fish, excluding fillets","4388961","0.017355366172876276","0302","Agriculture"
"Frozen fish, excluding fillets","68458912","0.27070859949694553","0303","Agriculture"
"Fish fillets","263286","0.0010411176900847155","0304","Agriculture"
"Preserved fish","7651503","0.030256508621940664","0305","Agriculture"
"Crustaceans","1335688","0.00528174078847289","0306","Agriculture"
"Molluscs","1387898","0.005488195953575945","0307","Agriculture"
"Milk","39560","0.00015643298853623567","0401","Agriculture"
"Milk, concentrated","11101294","0.043898093959539475","0402","Agriculture"
"Fermented milk products","711843","0.0028148566192770373","0403","Agriculture"
"Whey","7682981","0.03038098277798575","0404","Agriculture"
"Butter","123167","0.00048704200958145946","0405","Agriculture"
"Cheese","11958522","0.0472878497203317","0406","Agriculture"
"Eggs, in shell","154316","0.0006102151936035829","0407","Agriculture"
"Egg yolks","1229415","0.004861503099122249","0408","Agriculture"
"Honey","1293102","0.005113342020783201","0409","Agriculture"
"Edible animal products, n.e.c.","35810","0.00014160428006781088","0410","Agriculture"
"Brushmaking hair","445659","0.0017622793032879235","0502","Agriculture"
"Animal guts, except fish","848629","0.0033557525436935577","0504","Agriculture"
"Feathers and down","1366591","0.005403941209219485","0505","Agriculture"
"Bones, simply prepared","3117","0.000012325622478954664","0506","Agriculture"
"Whalebone & horns","2002","0.000007916553161009702","0507","Agriculture"
"Coral and shells","12019","0.00004752699922186593","0508","Agriculture"
"Animal products n.e.c.","952354","0.0037659146199301866","0511","Agriculture"
"Flower bulbs","167497","0.0006623371152895314","0601","Agriculture"
"Other live plants","4555467","0.01801378455480788","0602","Agriculture"
"Cut flowers","164728","0.0006513875969564466","0603","Agriculture"
"Other parts of plants","13251","0.00005239872424402575","0604","Agriculture"
"Potatoes","10438824","0.04127847409311885","0701","Agriculture"
"Tomatoes","45032","0.00017807103993336108","0702","Agriculture"
"Onions, shallots, garlic","7431614","0.02938699665489708","0703","Agriculture"
"Cucumbers","127667","0.0005048364597435692","0707","Agriculture"
"Legumes","120554","0.00047670936552066107","0708","Agriculture"
"Other vegetables","227819","0.0009008697425514832","0709","Agriculture"
"Frozen vegetables","951357","0.0037619721606387147","0710","Agriculture"
"Vegetables, provisionally preserved","171708","0.0006789887663190079","0711","Agriculture"
"Vegetables, dried","271738","0.0010745396218114157","0712","Agriculture"
"Legumes, dried","16087966","0.06361700204371458","0713","Agriculture"
"Tubers","22666","0.00008962866830541752","0714","Agriculture"
"Cashew nuts & coconuts","5316541","0.021023316413180657","0801","Agriculture"
"Other nuts","16704141","0.06605355656118969","0802","Agriculture"
"Bananas and plantains","40091676","0.1585354067772112","0803","Agriculture"
"Avocados, pineapples, mangos, etc.","4758834","0.018817963209500722","0804","Agriculture"
"Grapes","1969510","0.007788077230839269","0806","Agriculture"
"Melons and papayas","3006","0.000011886692708289292","0807","Agriculture"
"Other fresh fruit","1421219","0.005619957925542981","0810","Agriculture"
"Fruits and nuts, frozen","210778","0.0008334841369487028","0811","Agriculture"
"Fruits, dried","408660","0.0016159733340550572","0813","Agriculture"
"Peel of citrus fruit or melons","1018","0.0000040255000588950434","0814","Agriculture"
"Coffee","54422640","0.21520465670454197","0901","Agriculture"
"Tea","12525485","0.04952980413083397","0902","Agriculture"
"Pepper","6969039","0.027557826036288653","0904","Agriculture"
"Vanilla","14844","0.00005869795960141259","0905","Agriculture"
"Cinnamon","336624","0.001331119775860005","0906","Agriculture"
"Cloves","91373","0.00036131828770276695","0907","Agriculture"
"Nutmeg","54776","0.00021660195601771597","0908","Agriculture"
"Anise, fennel, etc.","1673744","0.006618523153806705","0909","Agriculture"
"Spices","4480126","0.017715861961549326","0910","Agriculture"
"Wheat and meslin","517268608","2.0454467701066377","1001","Agriculture"
"Barley","247118688","0.977186928387098","1003","Agriculture"
"Oats","1061","0.000004195535915999647","1004","Agriculture"
"Corn","195152272","0.7716949729169955","1005","Agriculture"
"Rice","9709188","0.03839325821790083","1006","Agriculture"
"Grain sorghum","507718","0.0020076805883124495","1007","Agriculture"
"Other cereals","2438865","0.009644058154358605","1008","Agriculture"
"Wheat or meslin flour","519565","0.002054527444105897","1101","Agriculture"
"Cereal flours","114093","0.00045116048941012976","1102","Agriculture"
"Cereal meals","196138","0.0007755928590879725","1103","Agriculture"
"Worked cereal grains","831450","0.0032878212416191394","1104","Agriculture"
"Potato flour","1566322","0.006193741948181338","1105","Agriculture"
"Flour of dried legumes","2884129","0.01140477550035452","1106","Agriculture"
"Malt","7990686","0.03159774750845953","1107","Agriculture"
"Starches","5166015","0.02042808810093583","1108","Agriculture"
"Wheat gluten","451052","0.0017836049632266474","1109","Agriculture"
"Soya beans","271326848","1.0729137943062932","1201","Agriculture"
"Peanuts","4502265","0.017803406702024648","1202","Agriculture"
"Linseed","219693","0.0008687369198809711","1204","Agriculture"
"Rape or colza seeds","837811","0.0033129746855038453","1205","Agriculture"
"Sunflower seeds","3218915","0.012728627231903869","1206","Agriculture"
"Other oil seeds","14698615","0.058123060459897416","1207","Agriculture"
"Flours of oil seeds","11766","0.00004652655569052954","1208","Agriculture"
"Seeds used for sowing","19231234","0.07604649665974887","1209","Agriculture"
"Hop cones","1293387","0.005114469002626801","1210","Agriculture"
"Plants used in perfumery, pharmacy or insecticide","6081779","0.024049314069436774","1211","Agriculture"
"Seaweeds & edible vegetable products","788021","0.0031160889802657474","1212","Agriculture"
"Cereal straw and husks","3361","0.000013290477109966836","1213","Agriculture"
"Forage products","1901660","0.007519776465617237","1214","Agriculture"
"Lac","1260766","0.004985475056240538","1301","Agriculture"
"Vegetable saps and extracts","5697735","0.022530680332090713","1302","Agriculture"
"Vegetable materials used for plaiting","284210","0.0011238579290162674","1401","Agriculture"
"Vegetable products n.e.c.","530067","0.002096055736462003","1404","Agriculture"
"Bovine, sheep and goat fats","29078","0.00011498378262529475","1502","Agriculture"
"Lard oil, tallow oil etc.","683439","0.0027025380498538008","1503","Agriculture"
"Fish oils","294373","0.0011640457061268276","1504","Agriculture"
"Wool grease","162541","0.0006427394941776613","1505","Agriculture"
"Soybean oil","73125440","0.28916155503607655","1507","Agriculture"
"Peanut oil","4216","0.000016671422640767683","1508","Agriculture"
"Olive oil","1420194","0.005615904745228278","1509","Agriculture"
"Olive oil, blended","1323225","0.005232458070168363","1510","Agriculture"
"Palm oil","57844056","0.228734038148063","1511","Agriculture"
"Sunflower seed oil","9825119","0.03885168675162162","1512","Agriculture"
"Coconut & palm kernel oil","11520000","0.04555379241500088","1513","Agriculture"
"Other vegetable fats and oils","44145864","0.17456697262472745","1515","Agriculture"
"Vegetable fats, hydrogenated","4718020","0.01865657150085264","1516","Agriculture"
"Margarine","3904214","0.015438520321158007","1517","Agriculture"
"Animal or vegetable fats and oils, processed","76661","0.00030314229863944293","1518","Agriculture"
"Stearic acid","10536256","0.041663751619384334","1519","Agriculture"
"Glycerol","1540305","0.006090862345988535","1520","Agriculture"
"Vegetable waxes and beeswax","299506","0.0011843432422784074","1521","Agriculture"
"Sausages","194693","0.0007698788634248061","1601","Agriculture"
"Other prepared or preserved meat","707863","0.002799118416689216","1602","Agriculture"
"Prepared or preserved fish","1507159","0.005959792380416694","1604","Agriculture"
"Prepared aquatic invertibrates","1061980","0.004199411151812728","1605","Agriculture"
"Sugarcane & sucrose","88717224","0.35081649355304984","1701","Agriculture"
"Other sugars","9489091","0.037522923751827524","1702","Agriculture"
"Molasses","2826436","0.0111766387863095","1703","Agriculture"
"Confectionery sugar","2557232","0.01011211941710048","1704","Agriculture"
"Cocoa beans","9288465","0.03672958389444454","1801","Agriculture"
"Cocoa paste","171844","0.0006795265541461294","1803","Agriculture"
"Cocoa butter","325617","0.0012875945507634845","1804","Agriculture"
"Cocoa powder","7517741","0.029727570568033084","1805","Agriculture"
"Chocolates","10742650","0.04247990000755288","1806","Agriculture"
"Malt extract","18309628","0.07240216954061525","1901","Agriculture"
"Pasta","4782621","0.018912024673057633","1902","Agriculture"
"Tapioca","2188","0.00000865205710104357","1903","Agriculture"
"Cereal foods","2408423","0.009523680676173062","1904","Agriculture"
"Bakery products","6637639","0.026247363639905732","1905","Agriculture"
"Pickled fruits and vegetables","177310","0.0007011408796097053","2001","Agriculture"
"Tomatoes, prepared or preserved","55097","0.00021787129346261317","2002","Agriculture"
"Mushrooms, prepared or preserved","1335771","0.0052820689972203246","2003","Agriculture"
"Other vegetables, frozen","1737087","0.006869001788610819","2004","Agriculture"
"Other vegetables, prepared or preserved","5092365","0.02013685226661597","2005","Agriculture"
"Vegetables, fruits and nuts, preserved by sugar","249653","0.0009872084147380395","2006","Agriculture"
"Jams, jellies and marmalades","3039332","0.012018498177801169","2007","Agriculture"
"Fruits and nuts, otherwise prepared","7217007","0.02853837141802155","2008","Agriculture"
"Fruit juices","4349124","0.017197837837074504","2009","Agriculture"
"Coffee extracts","13851904","0.054774892306295175","2101","Agriculture"
"Yeasts","3673875","0.014527685686515742","2102","Agriculture"
"Sauces and seasonings","5831713","0.02306047251960608","2103","Agriculture"
"Soups and broths","310082","0.0012261641544816235","2104","Agriculture"
"Ice cream","3115014","0.012317769194949786","2105","Agriculture"
"Food preparations n.e.c.","31077686","0.12289118548459887","2106","Agriculture"
"Waters","22612","0.00008941513490347222","2201","Agriculture"
"Waters, flavored or sweetened","3914331","0.01547852619944469","2202","Agriculture"
"Beer","133415","0.0005275659040839707","2203","Agriculture"
"Wine","1793759","0.007093101139630171","2204","Agriculture"
"Wine, flavored","47220","0.00018672309703440465","2205","Agriculture"
"Other fermented beverages","10965","0.00004335914356167401","2206","Agriculture"
"Ethyl alcohol > 80%","7913597","0.03129291275989355","2207","Agriculture"
"Spirits < 80% alcohol","7636052","0.0301954103887285","2208","Agriculture"
"Vinegars","282886","0.0011186224063463488","2209","Agriculture"
"Flours of fish, for animal feed","1585370","0.006269063878556419","2301","Agriculture"
"Cereal residues","12280950","0.04856283393741363","2302","Agriculture"
"Starch residues","1717255","0.0067905796695852715","2303","Agriculture"
"Solid soybean residues","22356830","0.08840611049283544","2304","Agriculture"
"Vegetable materials for animal feeding","82362","0.0003256858898337068","2308","Agriculture"
"Animal feed","45670676","0.18059657065596899","2309","Agriculture"
"Unmanufactured tobacco","31521618","0.1246466356733468","2401","Agriculture"
"Cigars and cigarettes","70216256","0.27765770399154166","2402","Agriculture"
"Other manufactured tobacco","3686465","0.014577470603747067","2403","Agriculture"
"Salt","752181","0.002974366070530189","2501","Minerals"
"Unroasted iron pyrites","20139","0.00007963609595882836","2502","Minerals"
"Sulphur, crude","142002336","0.561522997967813","2503","Minerals"
"Natural graphite","59727","0.0002361798055182949","2504","Minerals"
"Natural sands","887079","0.0035077962345231393","2505","Minerals"
"Quartz","215796","0.0008533269260405841","2506","Minerals"
"Kaolin","9241289","0.0365430347875895","2507","Minerals"
"Clays","12110895","0.04789038166578751","2508","Minerals"
"Chalk","362923","0.0014351144969296323","2509","Minerals"
"Natural calcium phosphates","18701334","0.073951101295104","2510","Minerals"
"Natural barium sulfate","147330","0.0005825902983074722","2511","Minerals"
"Siliceous fossil meals and earths","166239","0.0006573625778886573","2512","Minerals"
"Natural abrasives","1172965","0.004638281607644228","2513","Minerals"
"Slate","46421","0.0001835635935500656","2514","Minerals"
"Marble","6174367","0.02441543685868331","2515","Minerals"
"Granite","3283896","0.01298558304656699","2516","Minerals"
"Gravel","5909270","0.02336715789098891","2517","Minerals"
"Dolomite","664916","0.002629292138664299","2518","Minerals"
"Natural magnesia","1072120","0.00423950797951135","2519","Minerals"
"Gypsum","1234686","0.004882346331745466","2520","Minerals"
"Limstone","10461","0.00004136616514351773","2521","Minerals"
"Quicklime","34967","0.000138270786404109","2522","Minerals"
"Cements","583066","0.0023056308618268147","2523","Minerals"
"Mica","27425","0.00010844728793241313","2525","Minerals"
"Natural steatite","1086447","0.004296161554505248","2526","Minerals"
"Natural borates","44098","0.00017437770294415875","2528","Minerals"
"Feldspar","13094164","0.051778544158331385","2529","Minerals"
"Mineral substances n.e.c.","1764933","0.006979113846213953","2530","Minerals"
"Iron ores and concentrates","57038","0.00022554663296586982","2601","Minerals"
"Manganese > 47% by weight","31102","0.0001229873308759859","2602","Minerals"
"Copper ore","3600","0.000014235560129687777","2603","Minerals"
"Aluminum ore","34082","0.00013477121120556077","2606","Minerals"
"Lead ore","9283","0.00003670797352330323","2607","Minerals"
"Tin ore","35107","0.00013882439152026354","2609","Minerals"
"Chromium ore","211367","0.00083581323275881","2610","Minerals"
"Titanium ore","214262","0.0008472609956964339","2614","Minerals"
"Zirconium ore","444717","0.0017585543317206551","2615","Minerals"
"Precious metal ores","8094","0.00003200628435824802","2616","Minerals"
"Granulated iron or steel slag","136026","0.0005378906395002525","2618","Minerals"
"Other slag and ash","241348","0.0009543677683833014","2621","Minerals"
"Coal","769521","0.003042934018488185","2701","Minerals"
"Lignite","3369","0.000013322111688032809","2702","Minerals"
"Peat","2888222","0.011420960541357524","2703","Minerals"
"Coke","880347","0.003481175737080623","2704","Minerals"
"Oils etc. from high temperature coal tar","10691013","0.0422757106691038","2707","Minerals"
"Petroleum oils, crude","576142208","2.278251957009745","2709","Minerals"
"Petroleum oils, refined","1501881856","5.938924852437521","2710","Minerals"
"Petroleum gases","868379840","3.433853729924625","2711","Minerals"
"Petroleum jelly","1856418","0.007340875018009644","2712","Minerals"
"Petroleum coke","122727448","0.4853038793242027","2713","Minerals"
"Bitumen and asphalt, natural","2913","0.000011518940738272357","2714","Minerals"
"Bituminous mixtures","84147","0.00033274435506467704","2715","Minerals"
"Electrical energy","52686800","0.2083405859557872","2716","Minerals"
"Iodine","12799","0.00005061137058329829","2801","Chemicals"
"Sulfur, sublimed or precipitated","140883","0.0005570967827085563","2802","Chemicals"
"Carbon","3688568","0.01458578654345616","2803","Chemicals"
"Silicon & rare gases","6204042","0.024532781371696778","2804","Chemicals"
"Rare-earth metals","103220","0.00040816514349621447","2805","Chemicals"
"Hydrochloric acid","48139","0.00019035711918973327","2806","Chemicals"
"Sulfiric acid, oleum","1536937","0.0060775441886227605","2807","Chemicals"
"Sulfonitric acids","188274","0.0007444960688491212","2808","Chemicals"
"Phosphoric acid etc.","854797","0.0033801428033824223","2809","Chemicals"
"Oxides of boron; boric acids","166904","0.0006599922021903913","2810","Chemicals"
"Other inorganic acids","3750349","0.014830088526892894","2811","Chemicals"
"Halides of nonmetals","6252","0.00002472242275855777","2812","Chemicals"
"Ammonia","64789880","0.2562000645931265","2814","Chemicals"
"Sodium hydroxide","7657170","0.030278917766178148","2815","Chemicals"
"Hydroxides or peroxides of magnesium","32798","0.00012969386142597212","2816","Chemicals"
"Zinc oxide or peroxide","1297048","0.005128945776414241","2817","Chemicals"
"Aluminum oxide","13182050","0.05212607372431965","2818","Chemicals"
"Chromium oxides and hydroxides","80748","0.0003193036137088968","2819","Chemicals"
"Manganese oxides","247800","0.0009798810555935085","2820","Chemicals"
"Iron oxides and hydroxides","951298","0.003761738855625478","2821","Chemicals"
"Cobalt oxides and hydroxides","1038","0.000004104586504059976","2822","Chemicals"
"Titanium oxides","424311","0.0016778624317188746","2823","Chemicals"
"Lead oxides","1026","0.000004057134636961016","2824","Chemicals"
"Metal base oxides, n.e.c.","1045662","0.004134884521202661","2825","Chemicals"
"Flourides","77116","0.0003049415152669451","2826","Chemicals"
"Chlorides, bromides, iodides etc.","1590752","0.006290346040950302","2827","Chemicals"
"Hyopchlorites","761764","0.003012260340730966","2828","Chemicals"
"Sodium chlorate","370375","0.001464582106398086","2829","Chemicals"
"Sulfides; polysulfides","332542","0.0013149782324018422","2830","Chemicals"
"Dithionites and sulfoxylates","607105","0.0024006888145928044","2831","Chemicals"
"Sulfites","713163","0.0028200763246579233","2832","Chemicals"
"Sulfates","3836127","0.01516928238156077","2833","Chemicals"
"Nitrites, nitrates","1179499","0.004664119149279611","2834","Chemicals"
"Phosphates","5419139","0.021429021968232244","2835","Chemicals"
"Carbonates","17743728","0.0701644185746735","2836","Chemicals"
"Cyanides","349143","0.001380623936210994","2837","Chemicals"
"Silicates","943578","0.0037312114877918142","2839","Chemicals"
"Borates","211895","0.0008379011149111642","2840","Chemicals"
"Salts of oxometallic acids","1156863","0.004574609110641941","2841","Chemicals"
"Other salts of acids","407309","0.001610631044684166","2842","Chemicals"
"Compounds of precious metals","1972339","0.007799264008507849","2843","Chemicals"
"Uranium","1038004","0.004104602321349008","2844","Chemicals"
"Non-radioactive isotopes","16302","0.00006446336145393614","2845","Chemicals"
"Compounds of rare-earth metals","21628","0.00008552408180135755","2846","Chemicals"
"Hydrogen peroxide","1383217","0.0054696857710850935","2847","Chemicals"
"Carbides","603696","0.002387208530014442","2849","Chemicals"
"Hydrides, nitrides, azides, silicides and borides","33739","0.00013341487867098219","2850","Chemicals"
"Inorganic compounds, liquid or compressed air","72541","0.00028685049093546693","2851","Chemicals"
"Acyclic hydrocarbons","1759381","0.006957159449036169","2901","Chemicals"
"Cyclic hydrocarbons","10119595","0.04001613975294104","2902","Chemicals"
"Halogenated derivatives of hydrocarbons","3808170","0.01505873139418697","2903","Chemicals"
"Sulfonated, nitrated derivatives of hydrocarbons","794031","0.0031398544570378096","2904","Chemicals"
"Acyclic alcohols","16114903","0.06372351962238498","2905","Chemicals"
"Cyclic alcohols","683732","0.002703696666275467","2906","Chemicals"
"Phenols, phenol-alcohols","846462","0.003347183527359937","2907","Chemicals"
"Derivatives of phenols","45178","0.00017864837098306507","2908","Chemicals"
"Ethers","4446975","0.017584772224366194","2909","Chemicals"
"Epoxides","219529","0.0008680884110306189","2910","Chemicals"
"Acetals and hemiacetals","14317","0.000056614031771316627","2911","Chemicals"
"Aldehydes","2006036","0.007932512805643985","2912","Chemicals"
"Derivatives of aldehydes","4860","0.000019218006175078496","2913","Chemicals"
"Ketones and quinones","4205958","0.01663171333665037","2914","Chemicals"
"Saturated acyclic monocarboxylic acids","25356708","0.10026859484025973","2915","Chemicals"
"Unsaturated acyclic monocarboxylic acids","15364183","0.06075493081667408","2916","Chemicals"
"Polycarboxylic acids","10212567","0.04038378100193475","2917","Chemicals"
"Carboxylic acids with additional oxygen function","4712802","0.018635937847309113","2918","Chemicals"
"Phosporic esters","141376","0.0005590462635818719","2919","Chemicals"
"Esters of other inorganic acids of nonmetals","594171","0.0023495436105046433","2920","Chemicals"
"Amine-function compounds","2102566","0.00831422353323253","2921","Chemicals"
"Oxygen-function amino-compounds","9526299","0.03767005617441237","2922","Chemicals"
"Quaternary ammonium salts and hydroxides","1393271","0.005509442527069505","2923","Chemicals"
"Carboxyamide-function compounds","5394693","0.021332354606307148","2924","Chemicals"
"Carboxyimide-function compounds","2962340","0.011714046998494244","2925","Chemicals"
"Nitrile-function compounds","501775","0.00198418005113169","2926","Chemicals"
"Diazo-, azo-, or azoxy-compounds","89289","0.000353077480116581","2927","Chemicals"
"Organix derivatives of hydrazine","252956","0.001000269541157028","2928","Chemicals"
"Isocyanates","4604838","0.018209013399019775","2929","Chemicals"
"Organo-sulfur compounds","5439985","0.021511453770027653","2930","Chemicals"
"Other organo-inorganic compounds","1662469","0.006573938170344973","2931","Chemicals"
"Heterocyclic compounds with oxygen hetero-atom(s) only","3791487","0.014992761435952642","2932","Chemicals"
"Heterocyclic compounds with nitrogen hetero-atom(s) only","18625600","0.07365162465319795","2933","Chemicals"
"Nucleic acids and their salts","5350605","0.02115801644658557","2934","Chemicals"
"Sulfonamides","3592010","0.014203965094844385","2935","Chemicals"
"Vitamins","8619777","0.03408537605222214","2936","Chemicals"
"Hormones","5156877","0.020391953504139974","2937","Chemicals"
"Glycosides","498608","0.0019716567125398227","2938","Chemicals"
"Vegetable alkaloids","1962117","0.007758842926384053","2939","Chemicals"
"Other sugars, chemically pure","743348","0.0029394375420230966","2940","Chemicals"
"Antibiotics","10558092","0.041750098200215406","2941","Chemicals"
"Other organic compounds","2648398","0.01047261916009579","2942","Chemicals"
"Heparin for therapeutic use","19470458","0.07699246544765566","3001","Chemicals"
"Serums and vaccines","187399584","0.7410383461973541","3002","Chemicals"
"Medicaments, not packaged","83728408","0.331089107401953","3003","Chemicals"
"Medicaments, packaged","268531520","1.0618601665767933","3004","Chemicals"
"Wadding, gauze and bandages","2338806","0.009248392623520708","3005","Chemicals"
"Pharmaceutical goods","14817435","0.05859291303062227","3006","Chemicals"
"Animal or vegetable fertilizers","1814610","0.00717555271303687","3101","Chemicals"
"Nitrogenous fertilizers","20553528","0.08127527325589481","3102","Chemicals"
"Phosphatic fertilizers","181472","0.0007175987688485278","3103","Chemicals"
"Potassic fertilizers","5535597","0.021889534429783128","3104","Chemicals"
"Mixed fertilizers","23072248","0.09123510381418569","3105","Chemicals"
"Vegetable tanning extracts","222274","0.0008789430256295058","3201","Chemicals"
"Synthetic tanning substances","833022","0.003294037436209103","3202","Chemicals"
"Coloring matter of animal or vegetable origin","905588","0.0035809867852010257","3203","Chemicals"
"Synthetic organic coloring matter","17597706","0.06958700052987982","3204","Chemicals"
"Color lakes","330440","0.0013066662470150078","3205","Chemicals"
"Other coloring matter","33509138","0.1325059302480571","3206","Chemicals"
"Prepared pigments","22775048","0.0900598792390348","3207","Chemicals"
"Paints and varnishes, nonaqueous","27610280","0.10917994476042105","3208","Chemicals"
"Paints and varnishes, aqueous","9171268","0.036266149188744816","3209","Chemicals"
"Other paints and varnishes","845070","0.0033416791107764576","3210","Chemicals"
"Prepared driers","731770","0.0028936543989171175","3211","Chemicals"
"Pigments, nonaqueous","3514892","0.013899015670932924","3212","Chemicals"
"Artists' colors","674663","0.002667834917715429","3213","Chemicals"
"Glaziers' putty","10457931","0.041354029328507166","3214","Chemicals"
"Ink","20468180","0.08093777975979798","3215","Chemicals"
"Essential oils","1273722","0.005036707255418381","3301","Chemicals"
"Mixtures of odoriferous subtances","39139780","0.15477130323687527","3302","Chemicals"
"Perfumes","20243798","0.0800505010228481","3303","Chemicals"
"Make-up preparations","30871320","0.12207514781745354","3304","Chemicals"
"Hair products","21579270","0.0853313876777132","3305","Chemicals"
"Dental hygiene products","6880927","0.02720940279347003","3306","Chemicals"
"Toiletries","14524208","0.0574333989778034","3307","Chemicals"
"Soap","5438579","0.021505893992932557","3401","Chemicals"
"Cleaning products","59418176","0.2349586159012142","3402","Chemicals"
"Lubricants","14553098","0.05754763934784413","3403","Chemicals"
"Artificial and prepared waxes","3311221","0.01309363490227358","3404","Chemicals"
"Polishes and creams","1879004","0.007430187340534402","3405","Chemicals"
"Candles","685608","0.002711114974831938","3406","Chemicals"
"Modeling pastes","854931","0.003380672682565028","3407","Chemicals"
"Casein","15744091","0.062257209477160035","3501","Chemicals"
"Albumins","1067800","0.004222425307355724","3502","Chemicals"
"Gelatin","687731","0.0027195100009861956","3503","Chemicals"
"Peptones","864928","0.0034202040421807186","3504","Chemicals"
"Dextrins and other modified starches","15008958","0.05935025669248843","3505","Chemicals"
"Glues and adhesives","25847580","0.10220966091580976","3506","Chemicals"
"Enzymes","6317731","0.024982344314914577","3507","Chemicals"
"Propellant powders","628417","0.002484963330560556","3601","Chemicals"
"Prepared explosives, except gunpowder","742352","0.0029354990370538832","3602","Chemicals"
"Detonators","478022","0.0018902530345315583","3603","Chemicals"
"Fireworks","245247","0.0009697856708682049","3604","Chemicals"
"Ferrocerium and other pyrophoric alloys","26965","0.00010662829969361968","3606","Chemicals"
"Photographic plates","6643765","0.026271587818059747","3701","Chemicals"
"Photographic film in rolls","217241","0.0008590409217037505","3702","Chemicals"
"Photographic paper","445874","0.0017631294825734465","3703","Chemicals"
"Photographic film, not developed","10318","0.00004080069706058846","3704","Chemicals"
"Photographic film, developed","111417","0.0004405787230470619","3705","Chemicals"
"Motion-picture film","5033","0.000019902103925755158","3706","Chemicals"
"Chemical preparations for photographic uses","1890430","0.007475369426657128","3707","Chemicals"
"Artificial graphite","807610","0.00319355019898254","3801","Chemicals"
"Activated carbon","3570950","0.01412068706808571","3802","Chemicals"
"Tall oil","389158","0.0015388561413747321","3803","Chemicals"
"Residual lyes","274107","0.001083907411241202","3804","Chemicals"
"Turpentines","80640","0.00031887654690500615","3805","Chemicals"
"Rosin and resin acids","512924","0.002028266789988881","3806","Chemicals"
"Wood tar and oils","37055","0.00014652741127932792","3807","Chemicals"
"Insecticides, rodenticides, fungicides, etc.","51913036","0.20528087374795728","3808","Chemicals"
"Finishing agents","12910069","0.051050573202199474","3809","Chemicals"
"Pickling preparations for metal surfaces","6737254","0.026641273451660966","3810","Chemicals"
"Anti-knock","16389242","0.0648083444363901","3811","Chemicals"
"Stabilizers for rubber or plastic","4692424","0.018555356668330563","3812","Chemicals"
"Preparations for fire extinguishers","373578","0.0014772478005912499","3813","Chemicals"
"Organic composite solvents and thinners","8313292","0.032873435594903425","3814","Chemicals"
"Catalytic preparations","5424517","0.021450288313337094","3815","Chemicals"
"Refractory cements","3348865","0.013242491409363016","3816","Chemicals"
"Mixed alkylbenzenes","286304","0.0011321382798250357","3817","Chemicals"
"Chemical elements for electronics","59227","0.0002342026443891716","3818","Chemicals"
"Hydraulic fluids","2648639","0.010473572151760027","3819","Chemicals"
"Antifreezing preparation","2139111","0.008458734240160151","3820","Chemicals"
"Prepared culture media for micro-organisms","2265459","0.008958354948845094","3821","Chemicals"
"Diagnostic or laboratory reagents","43163748","0.17068336946574736","3822","Chemicals"
"Industrial monocarboxylic fatty acids","37541284","0.1484503349243571","3823","Chemicals"
"Polymers of ethylene","184623616","0.7300612741467738","3901","Chemicals"
"Polymers of propylene","73844936","0.292006674083596","3902","Chemicals"
"Polymers of styrene","20882622","0.08257661698515022","3903","Chemicals"
"Polymers of vinyl chloride","73896096","0.29220897721032785","3904","Chemicals"
"Polymers of vinyl acetate","8516012","0.03367505580309518","3905","Chemicals"
"Acrylic polymers","23476616","0.09283410519710836","3906","Chemicals"
"Polyacetals","154699600","0.6117320716218464","3907","Chemicals"
"Polyamides","40991584","0.16209393301198535","3908","Chemicals"
"Amino-resins","35341996","0.13975364143366245","3909","Chemicals"
"Silicones in primary forms","5063138","0.020021279289974193","3910","Chemicals"
"Petroleum resins","3137340","0.012406053393687402","3911","Chemicals"
"Cellulose n.e.c.","10773439","0.04260164963556204","3912","Chemicals"
"Natural polymers","2063244","0.008158731673393756","3913","Chemicals"
"Ion-exchangers based on polymers","206092","0.0008149541828465592","3914","Chemicals"
"Plastic waste","190037","0.0007514675389904099","3915","Chemicals"
"Monofilament","6442742","0.025476678094740243","3916","Chemicals"
"Plastic tubes and fittings","116654456","0.46128931188444916","3917","Chemicals"
"Plastic floor coverings","3256859","0.012878670035670777","3918","Chemicals"
"Self-adhesive plastic sheets","45834932","0.18124609181281953","3919","Chemicals"
"Other plates of plastics, noncellular and not reinforced","104737120","0.4141643248806456","3920","Chemicals"
"Other plastic plates, sheets etc.","55832156","0.22077833719669668","3921","Chemicals"
"Baths, sinks etc.","9132386","0.03611239723069967","3922","Chemicals"
"Packing lids","122628376","0.48491211670943374","3923","Chemicals"
"Plastic household articles","16447286","0.06503786911754776","3924","Chemicals"
"Plastic builders' ware","9119388","0.03606099894998698","3925","Chemicals"
"Other articles of plastic","311697856","1.2325537698285447","3926","Chemicals"
"Natural rubber","6714215","0.026550169821153224","4001","Chemicals"
"Synthetic rubber","8812579","0.0348477772922566","4002","Chemicals"
"Reclaimed rubber","79514","0.0003144239800422205","4003","Chemicals"
"Scrap of rubber","204235","0.0008076110064129951","4004","Chemicals"
"Compounded rubber","7744098","0.030622659091443013","4005","Chemicals"
"Unvulcanized rubber rods","1139880","0.004507452855730139","4006","Chemicals"
"Vulcanized rubber thread and cord","2080698","0.008227750414089192","4007","Chemicals"
"Vulcanized rubber plates","7560671","0.029897329622579613","4008","Chemicals"
"Vulcanized rubber tubes","18485808","0.07309884203607314","4009","Chemicals"
"Conveyor belts of vulcanized rubber","10834348","0.04284250344998958","4010","Chemicals"
"New pneumatic tires of rubber","32737540","0.12945478310223854","4011","Chemicals"
"Used pneumatic tires of rubber","393650","0.0015566189569587755","4012","Chemicals"
"Rubber inner tubes","2695806","0.010660085669714745","4013","Chemicals"
"Rubber hygenic or pharmeceutical items","726744","0.0028737799752471703","4014","Chemicals"
"Vulcanized rubber articles of apparel","7939427","0.031395052903824064","4015","Chemicals"
"Other articles of vulcanized rubber","50333012","0.19903294967619345","4016","Chemicals"
"Hard rubber","638440","0.002524597502554962","4017","Chemicals"
"Raw hides of bovines or equines","48122","0.00019028989571134308","4101","Agriculture"
"Raw skins of sheep or lambs","183629","0.0007261282419595657","4102","Agriculture"
"Other raw hides and skins","3376865","0.01335321243259392","4103","Agriculture"
"Tanned hides of bovines or equines","125694896","0.4970381250007921","4104","Agriculture"
"Tanned sheepskins","4587895","0.018142015316998307","4105","Agriculture"
"Tanned skins of other animals","3270397","0.01293220365040292","4106","Agriculture"
"Bovine leather further prepared","5066366","0.020034043842223816","4107","Agriculture"
"Chamois leather","6364749","0.025168268638852815","4108","Agriculture"
"Patent leather","22910982","0.09059740608088729","4109","Agriculture"
"Waste of leather","23417","0.00009259836432136073","4110","Agriculture"
"Composition leather","2035024","0.008047140699266037","4111","Agriculture"
"Saddlery and harnesses","474914","0.0018779630009529277","4201","Agriculture"
"Trunks or cases","38739020","0.15318656904866035","4202","Agriculture"
"Leather apparel","4879636","0.01929565324694143","4203","Agriculture"
"Other articles of leather","9565466","0.037824935114301114","4205","Agriculture"
"Articles of gut","3902","0.00001542976545167825","4206","Agriculture"
"Other tanned furskins","275351","0.0010888265881304606","4302","Agriculture"
"Furskin apparel","230894","0.0009130292834955914","4303","Agriculture"
"Artificial fur","52969","0.00020945649569706435","4304","Agriculture"
"Fuel wood","73840","0.00029198715554892927","4401","Agriculture"
"Wood charcoal","821731","0.00324938918359124","4402","Agriculture"
"Wood in the rough","702279","0.002777037481199167","4403","Agriculture"
"Strips and other pieces of wood","82225","0.00032514414768432704","4404","Agriculture"
"Wood wool or flour","368432","0.001456898858250313","4405","Agriculture"
"Wood sawn lengthwise","68584592","0.271205578718362","4407","Agriculture"
"Sheets for veneering for plywood","5180001","0.020483393252039666","4408","Agriculture"
"Wood shaped along its edges","1125086","0.004448952612241638","4409","Agriculture"
"Particle board and similar board","6399478","0.025305598296559463","4410","Agriculture"
"Fiberboard of wood","62858384","0.2485623069686122","4411","Agriculture"
"Plywood","4212659","0.016658211250102882","4412","Agriculture"
"Densified wood","1198867","0.004740706462777332","4413","Agriculture"
"Wooden frames","13033","0.00005153668199172799","4414","Agriculture"
"Packing boxes","16184884","0.06400024704833933","4415","Agriculture"
"Casks, barrels, etc. of wood","46137","0.00018244056602872356","4416","Agriculture"
"Wooden tools","2122086","0.008391411903713503","4417","Agriculture"
"Wood carpentry for construction","4741330","0.01874874675269237","4418","Agriculture"
"Wooden kitchenware","542391","0.002144788803972634","4419","Agriculture"
"Wood marquetry, ornaments, etc.","141633","0.0005600625244022413","4420","Agriculture"
"Other articles of wood","3755618","0.014850923850871596","4421","Agriculture"
"Natural cork, raw","77361","0.00030591032422021557","4501","Agriculture"
"Natural cork, debacked","122466","0.00048427002967842863","4502","Agriculture"
"Articles of natural cork","32182","0.00012725799891489221","4503","Agriculture"
"Agglomerated cork","550059","0.002175110547048869","4504","Agriculture"
"Products of plaiting materials","4340923","0.017165408440234623","4601","Agriculture"
"Basketwork","118877","0.00047007796709358155","4602","Agriculture"
"Mechanical woodpulp","38640","0.0001527950120586488","4701","Agriculture"
"Chemical woodpulp, soda or sulfate","84037472","0.3323112460563758","4703","Agriculture"
"Chemical woodpulp, sulfite","5805180","0.022955552487128023","4704","Agriculture"
"Pulps of recovered paper fibers","46313","0.00018313652674617497","4706","Agriculture"
"Paper waste","8492358","0.03358152026439862","4707","Agriculture"
"Newsprint","3865908","0.015287046052733611","4801","Agriculture"
"Paper used for graphic purposes","30165534","0.11928424252809472","4802","Agriculture"
"Tissue","3215563","0.012715372343694227","4803","Agriculture"
"Uncoated kraft paper and paperboard","15091505","0.059676674131939916","4804","Agriculture"
"Other uncoated paper and paperboard","22244770","0.08796298914057632","4805","Agriculture"
"Transparent paper","3055245","0.012081423307896647","4806","Agriculture"
"Uncoated composite paper","2225859","0.008801763787418529","4807","Agriculture"
"Corrugated paper and paperboard","2816589","0.011137700575032545","4808","Agriculture"
"Carbon paper","6077424","0.02403209299600211","4809","Agriculture"
"Paper and paperboard, coated with kaolin","32024918","0.12663684606592232","4810","Agriculture"
"Cellulose wadding, coated","67851504","0.2683067125227085","4811","Agriculture"
"Filter blocks of paper pulp","447135","0.0017681158829410952","4812","Agriculture"
"Cigarette paper","3672461","0.014522094274842582","4813","Agriculture"
"Wallpaper","1032175","0.004081552576905689","4814","Agriculture"
"Other carbon paper","851224","0.003366014009953707","4816","Agriculture"
"Letterstock","2151007","0.008505774857744253","4817","Agriculture"
"Toilet paper","7378719","0.029177832779047123","4818","Agriculture"
"Cardboard packing containers","56822932","0.22469618478643322","4819","Agriculture"
"Notebooks","4314201","0.017059741040849757","4820","Agriculture"
"Paper labels","22654520","0.08958327268589286","4821","Agriculture"
"Bobbins, spools, cops of paper","2873080","0.011361084193723154","4822","Agriculture"
"Other paper cut to size","23057112","0.09117525119248487","4823","Agriculture"
"Books, brochures etc.","8028194","0.03174606622772184","4901","Agriculture"
"Newspapers, journals and periodicals","1575382","0.006229568107841052","4902","Agriculture"
"Children's books","47955","0.0001896295238942159","4903","Agriculture"
"Maps","28811","0.00011392797858234292","4905","Agriculture"
"Architectural, engineering, etc. drawings","7439","0.000029416203279096488","4906","Agriculture"
"Unused stamps","11836785","0.04680646239157953","4907","Agriculture"
"Transfers (decalcomanias)","3308457","0.013082705155551785","4908","Agriculture"
"Printed or illustrated postcards","45963","0.00018175251395578866","4909","Agriculture"
"Calendars","32977","0.00013040168511019827","4910","Agriculture"
"Other printed matter","6062639","0.023973628341413936","4911","Agriculture"
"Raw silk","1547089","0.006117688468188481","5002","Textiles"
"Silk waste","284036","0.0011231698769433324","5003","Textiles"
"Silk yarn","192436","0.0007609539580879435","5004","Textiles"
"Yarn from silk waste","1410","0.000005575594384127712","5005","Textiles"
"Silk yarn, for retail sale","152050","0.0006012546993663961","5006","Textiles"
"Woven silk fabrics","19826210","0.0783992234996714","5007","Textiles"
"Wool","801593","0.00316975704195467","5101","Textiles"
"Animal hair","2497942","0.009877667650409039","5102","Textiles"
"Wool or animal hair waste","9894","0.0000391240644230919","5103","Textiles"
"Wool, combed","395283","0.0015630763652064925","5105","Textiles"
"Yarn of carded wool, not for retail sale","3150447","0.01245788269552624","5106","Textiles"
"Yarn of combed wool, not for retail sale","5745614","0.022720009327493306","5107","Textiles"
"Yarn of animal hair, not for retail sale","1190402","0.004707233124861274","5108","Textiles"
"Yarn of wool or animal hair, for retail sale","181767","0.0007187652939147105","5109","Textiles"
"Woven fabrics of carded wool","4031463","0.01594170387419763","5111","Textiles"
"Woven fabrics of combed wool","7644553","0.03022902608224585","5112","Textiles"
"Woven fabrics of coarse animal hair","6754","0.000026707492532197563","5113","Textiles"
"Raw cotton","11854918","0.04687816611708832","5201","Textiles"
"Cotton waste","369696","0.0014618971215847366","5202","Textiles"
"Cotton, carded or combed","343974","0.0013601840444581173","5203","Textiles"
"Cotton sewing thread","2244231","0.008874412595947035","5204","Textiles"
"Cotton yarn of > 85%","40497664","0.1601408141621922","5205","Textiles"
"Cotton yarn of < 85%","6942004","0.027450920934036956","5206","Textiles"
"Cotton yarn for retail sale","901601","0.0035652209023573967","5207","Textiles"
"Woven fabrics of cotton of > 85% weighing < 200 g/m2","81276440","0.3213932357630446","5208","Textiles"
"Woven fabrics of cotton of < 85% weighing > 200 g/m2","221615776","0.8763401958153936","5209","Textiles"
"Woven fabrics of cotton of < 85% weighing < 200 g/m2","12854369","0.05083031745241514","5210","Textiles"
"Woven fabrics of cotton of < 85% weighing > 200 g/m2","77827504","0.3077550313709766","5211","Textiles"
"Other woven cotton fabrics","7388382","0.029216043395028563","5212","Textiles"
"Flax, raw or processed","22146820","0.08757566327538106","5301","Textiles"
"Hemp fiber","10006","0.00003956694851601552","5302","Textiles"
"Textile bast fibers","2350906","0.00929623992284549","5303","Textiles"
"Vegetable textile fibers","871741","0.003447144839726153","5305","Textiles"
"Flax yarn","352125","0.0013924157251850855","5306","Textiles"
"Yarn of textile bast fibers","1222719","0.00483502495728103","5307","Textiles"
"Yarn of other vegetable textile fibers","42106","0.00016650069300573153","5308","Textiles"
"Woven fabrics of flax","12021008","0.047534939500960494","5309","Textiles"
"Woven fabrics of jute or of other textile bast fibers","674442","0.002666961012496356","5310","Textiles"
"Woven fabrics of vegetable textile fibers","4118695","0.016286647313428996","5311","Textiles"
"Synthetic sowing thread","15763186","0.06233271726068126","5401","Textiles"
"Synthetic filament yarn","35352484","0.13979511436550693","5402","Textiles"
"Artificial filament yarn","1066034","0.00421544197424766","5403","Textiles"
"Synthetic monofilament >67 dtex, thickness < 1mm","2959947","0.011704584305330262","5404","Textiles"
"Artificial monofilament >67dtex t<1mm, strip, straws t<5mm","6871","0.000027170148236412415","5405","Textiles"
"Synthetic filament yarn for retail sale","814856","0.003222203218065795","5406","Textiles"
"Woven fabrics of synthetic filament yarn","141770064","0.5606045196282456","5407","Textiles"
"Woven fabrics of artificial filament yarn","17630514","0.06971673393452837","5408","Textiles"
"Synthetic filament tow","181859","0.0007191290915624692","5501","Textiles"
"Artificial filament tow","5791855","0.022902861143036888","5502","Textiles"
"Synthetic staple fibers","6327156","0.02501961380219855","5503","Textiles"
"Artificial staple fibers, not processed for spinning","2258667","0.008931497192067083","5504","Textiles"
"Waste of man-made fibers","244456","0.0009666578019619319","5505","Textiles"
"Synthetic staple fibers, processed","3365126","0.01330679264360436","5506","Textiles"
"Synthetic staple fibers sewing thread","14736580","0.05827318630443174","5508","Textiles"
"Yarn of synthetic staple fibers, not for retail sale","19065346","0.07539052204897286","5509","Textiles"
"Yarn of artificial staple fibers, not for retail sale","1413617","0.00558989716773579","5510","Textiles"
"Yarn of synthetic staple fibers, for retail sale","256697","0.0010150626607251286","5511","Textiles"
"Woven fabrics of > 85% synthetic staple fibers","45340968","0.179292798972847","5512","Textiles"
"Woven fabrics of < 85% synthetic staple fibers weighing < 170 g/m2","14789465","0.05848231063705911","5513","Textiles"
"Woven fabrics of < 85% synthetic staple fibers weighing > 170 g/m2","81638872","0.3228264086877455","5514","Textiles"
"Other woven fabrics of synthetic staple fibers","39552008","0.15640138559274774","5515","Textiles"
"Woven fabrics of artificial staple fibers","52036776","0.2057701815841927","5516","Textiles"
"Wadding of textile materials","3286438","0.012995634933747453","5601","Textiles"
"Felt","4978807","0.019687807339614","5602","Textiles"
"Nonwoven textiles","66198824","0.26177148321294946","5603","Textiles"
"Rubber textiles","1934563","0.0076498855308803244","5604","Textiles"
"Metallised yarn","780107","0.0030847944739139837","5605","Textiles"
"Gimp yarn","1586238","0.006272496230276577","5606","Textiles"
"Twine and ropes of baste fibers","6251286","0.02471959937246538","5607","Textiles"
"Nets","6137709","0.024270479313340507","5608","Textiles"
"Articles of yarn, rope etc not elsewhere clasified","1174093","0.00464274208315153","5609","Textiles"
"Carpets, knotted","213668","0.0008449121282750354","5701","Textiles"
"Woven carpets and rugs","10030770","0.03966489707835229","5702","Textiles"
"Carpets, tufted","5139098","0.020321649608710607","5703","Textiles"
"Carpets of felt","284646","0.0011255820135208628","5704","Textiles"
"Other carpets","1142821","0.004519082517491642","5705","Textiles"
"Woven pile fabrics","16211667","0.06410615566138196","5801","Textiles"
"Terry cloth","731384","0.002892128030525434","5802","Textiles"
"Gauze","713633","0.002821934856119299","5803","Textiles"
"Lace and net fabrics","9681618","0.038284237553240966","5804","Textiles"
"Hand-woven tapestries","6545","0.000025881039180224022","5805","Textiles"
"Narrow woven fabrics","38619928","0.15271564090228126","5806","Textiles"
"Labels and badges of textiles","22510022","0.08901188102822075","5807","Textiles"
"Braids in piece","4894759","0.01935545446245289","5808","Textiles"
"Woven fabric incorporating metal threads","24752","0.00009787738453611993","5809","Textiles"
"Embroidery in the piece","14895410","0.058901251308709046","5810","Textiles"
"Quilted textile products","2456294","0.009712978036997584","5811","Textiles"
"Stiffened textiles","1883733","0.00744888733049365","5901","Textiles"
"Tire cord fabric","1969327","0.0077873535898660105","5902","Textiles"
"Textile fabrics impregnated with plastics","121870000","0.4819132536125137","5903","Textiles"
"Textile wall coverings","380135","0.0015031762916385728","5905","Textiles"
"Rubberized textile fabrics","16690362","0.06599906995479331","5906","Textiles"
"Other textile fabrics impregnated, coated or covered","6929197","0.027400277928875595","5907","Textiles"
"Textile wicks","66036","0.00026112762464557273","5908","Textiles"
"Textile hosepiping and similar tubing","364975","0.0014432287662035543","5909","Textiles"
"Transmission belts or belting, of textile material","799645","0.0031620540221956057","5910","Textiles"
"Textile articles for technical use","9161107","0.03622596932027877","5911","Textiles"
"Pile fabrics, knit","28131016","0.11123910271589135","6001","Textiles"
"Other knitted fabrics","257429792","1.0179603564413937","6002","Textiles"
"Men's overcoats, knit","662032","0.002617887873271516","6101","Textiles"
"Women's overcoats, knit","1165389","0.004608323662215752","6102","Textiles"
"Men's suits, knit","8704134","0.03441895081496105","6103","Textiles"
"Women's suits, knit","26744454","0.10575618973685241","6104","Textiles"
"Men's shirts, knit","1769607","0.006997596348448998","6105","Textiles"
"Women's shirts, knit","1338335","0.0052922078794904685","6106","Textiles"
"Men's undergarments, knit","3531181","0.013963427626197502","6107","Textiles"
"Women's undergarments, knit","28777376","0.11379501845073163","6108","Textiles"
"T-shirts, knit","18602830","0.07356158473537767","6109","Textiles"
"Sweaters, pullovers, sweatshirts etc., knit","32258436","0.12756025149102357","6110","Textiles"
"Babies' garments, knit","5430741","0.02147490001507242","6111","Textiles"
"Activewear, knit","11143874","0.04406646900129562","6112","Textiles"
"Garments knit with impregnated fibers","1262177","0.004991054604946924","6113","Textiles"
"Other garments, knit","5320153","0.021037599425177446","6114","Textiles"
"Socks, stockings, etc., knit","15618575","0.061760878764593956","6115","Textiles"
"Gloves, knit","1559708","0.006167588060765294","6116","Textiles"
"Other clothing accesories, knit","20192054","0.07984588857191738","6117","Textiles"
"Men's overcoats, not knit","7430014","0.029380669739283882","6201","Textiles"
"Womens overcoats, not knit","5948790","0.023523432706634817","6202","Textiles"
"Men's suits and pants","18184150","0.07190598909229498","6203","Textiles"
"Women's suits and pants","30659482","0.12123747209891111","6204","Textiles"
"Men's shirts","4650600","0.01838997109420166","6205","Textiles"
"Women's shirts","5193524","0.020536867551937937","6206","Textiles"
"Men's undergarments","909665","0.0035971085570478973","6207","Textiles"
"Women's undergarments","3108881","0.012293517336539961","6208","Textiles"
"Babies' garments","1087807","0.004301539432776463","6209","Textiles"
"Garments made of textile felts and nonwoven fabric","3893977","0.015398039924200338","6210","Textiles"
"Activewear","11549076","0.045668768288981657","6211","Textiles"
"Brassieres","14430934","0.0570645635234877","6212","Textiles"
"Handkerchiefs","6971","0.000027565580462237078","6213","Textiles"
"Shawls, scarves, etc.","4308017","0.01703528751200476","6214","Textiles"
"Ties, bow ties and cravats","127780","0.0005052832981587511","6215","Textiles"
"Gloves","220245","0.0008709197057675234","6216","Textiles"
"Other clothing accesories","79141632","0.3129515169715617","6217","Textiles"
"Blankets","3395705","0.013427711863939285","6301","Textiles"
"House linen","5883037","0.023263424155188325","6302","Textiles"
"Curtains","1604579","0.0063450224548150785","6303","Textiles"
"Other furnishing articles","2492518","0.009856219406480309","6304","Textiles"
"Bags for packing goods","8724037","0.03449765369086693","6305","Textiles"
"Tents, tarpaulins, etc.","2952031","0.01167328189033398","6306","Textiles"
"Other made up articles","36503564","0.14434685563052943","6307","Textiles"
"Needlecraft sets of woven fabric and yarn","1372397","0.0054269000042508645","6308","Textiles"
"Used clothes and textiles","63514080","0.25115514025605545","6309","Textiles"
"Used or new rags textile scraps","2191761","0.008666929307056835","6310","Textiles"
"Waterproof footwear","965596","0.003818277755273888","6401","Textiles"
"Other footwear of rubber or plastics","22421854","0.08866323634335566","6402","Textiles"
"Leather footwear","15190198","0.060066938058573056","6403","Textiles"
"Textile footwear","11774770","0.04656123509673437","6404","Textiles"
"Other footwear","3744928","0.01480865214593094","6405","Textiles"
"Parts of footwear","115224728","0.4556357066308107","6406","Textiles"
"Hat forms","2378","0.000009403378330110426","6501","Textiles"
"Hats","297345","0.0011757979518783365","6504","Textiles"
"Hats, knit","1663062","0.006576283083444113","6505","Textiles"
"Other headgear","3353900","0.013262401421933285","6506","Textiles"
"Headbands","659761","0.002608907607423038","6507","Textiles"
"Umbrellas","964063","0.003812215779251996","6601","Textiles"
"Walking sticks","72363","0.000286146621573499","6602","Textiles"
"Parts of umbrellas or walking sticks","35956","0.0001421816111175149","6603","Textiles"
"Feathers or down","95698","0.0003784207314696835","6701","Textiles"
"Artificial flowers","1695289","0.006703719026860628","6702","Textiles"
"Human animal hair prepared for use in wigs","12319916","0.04871691805852847","6703","Textiles"
"Wigs","353785","0.0013989799001337749","6704","Textiles"
"Flagstones, of natural stone","23397","0.00009251927787619581","6801","Stone"
"Worked building stone","8646498","0.03419103949728475","6802","Stone"
"Worked slate","76864","0.000303945026057867","6803","Stone"
"Grindstones","4808615","0.019014813325838494","6804","Stone"
"Natural or artificial abrasive powder","5480763","0.021672703123074434","6805","Stone"
"Mineral wools and insulating materials","4318706","0.017077555262623157","6806","Stone"
"Asphalt","1334864","0.005278482426932095","6807","Stone"
"Panels of vegetable fibers","145735","0.0005762831543055689","6808","Stone"
"Plaster articles","4198405","0.016601846340633834","6809","Stone"
"Articles of cement, of concrete or of artificial stone","7211281","0.02851572896877083","6810","Stone"
"Asbestos-cement or cellulose fiber-cement","7395","0.000029242213099733635","6811","Stone"
"Asbestos fibres","107030","0.000423231111300134","6812","Stone"
"Friction material and articles thereof","1350641","0.005340869769200452","6813","Stone"
"Mica articles","161045","0.0006368238280793244","6814","Stone"
"Articles of stone or of other mineral substances","18356048","0.07258572917984306","6815","Stone"
"Bricks, blocks, and other ceramic goods","152576","0.0006033346728742338","6901","Stone"
"Bricks, tiles and similar refractory ceramic constructional goods","12913556","0.05106436192391399","6902","Stone"
"Other refractory ceramic goods","3413504","0.013498094845813815","6903","Stone"
"Ceramic building bricks","498972","0.0019730960858418242","6904","Stone"
"Architectural ceramic ornaments","313851","0.001241067995072955","6905","Stone"
"Ceramic pipes","43911","0.00017363824468186664","6906","Stone"
"Unglazed ceramic flags and pavers","29907280","0.11826302298761349","6907","Stone"
"Ceramic wares for technical ware","2103855","0.00831932065462341","6909","Stone"
"Ceramic sinks, washbasins, and similar sanitary fixtures","4515717","0.01785660024504258","6910","Stone"
"Porcelain or china household articles","7193394","0.028444998006537575","6911","Stone"
"Ceramic household articles","1757242","0.006948701153725779","6912","Stone"
"Ornamental ceramic articles","521708","0.0020630015567053195","6913","Stone"
"Other ceramic articles","2081776","0.008232013173483581","6914","Stone"
"Cullet and other scraps of glass","13473","0.0000532765837853565","7001","Stone"
"Glass balls","1003480","0.003968083299705302","7002","Stone"
"Glass, cast or rolled","390158","0.0015428104636329785","7003","Stone"
"Drawn and blown glass","90742","0.00035882311035781336","7004","Stone"
"Float glass","19618992","0.07757981674996206","7005","Stone"
"Worked glass","499889","0.0019767221993526366","7006","Stone"
"Safety glass","6928305","0.02739675067342124","7007","Stone"
"Multiple-walled insulating glass","210686","0.0008331203393009441","7008","Stone"
"Glass mirrors","4172356","0.01649884020012877","7009","Stone"
"Glass containers for conveyance","17363788","0.06866201337587528","7010","Stone"
"Glass envelopes","265268","0.0010489551568005602","7011","Stone"
"Glassware for interior decorative use","22501376","0.08897769195797595","7013","Stone"
"Signaling glassware","339530","0.0013426110363424695","7014","Stone"
"Clock or watch glasses and similar glasses","305084","0.001206400451834907","7015","Stone"
"Glass paving blocks or other molded products","5266103","0.020823868307119214","7016","Stone"
"Laboratory, hygienic or pharmaceutical glassware","1066451","0.004217090926629349","7017","Stone"
"Glass beads","1924520","0.007610172272440755","7018","Stone"
"Glass fibers","31159684","0.12321543200113057","7019","Stone"
"Other articles of glass","1256275","0.004967716194978752","7020","Stone"
"Pearls","8356","0.00003304231678990863","7101","Stone"
"Diamonds","3199798","0.012653032453292969","7102","Stone"
"Precious stones","206872","0.0008180385542079914","7103","Stone"
"Synthetic precious stones","275851","0.001090803749259584","7104","Stone"
"Diamond dust","7766","0.000030709266657543127","7105","Stone"
"Silver","2393986","0.009466592125730755","7106","Stone"
"Silver clad metals","316508","0.0012515746293131162","7107","Stone"
"Gold","18089734","0.07153263780196037","7108","Stone"
"Gold clad metals","19833","0.0000784260733478049","7109","Stone"
"Platinum","6277","0.000024821280815013934","7110","Stone"
"Jewelry of precious metal","1287017","0.00508927996984177","7113","Stone"
"Goldsmith and silversmith wares","320009","0.0012654187115392376","7114","Stone"
"Other articles of precious metals","1670835","0.006607020030357466","7115","Stone"
"Articles of precious stones","110196","0.0004357504955697428","7116","Stone"
"Imitation jewelry","3624252","0.014331460353094773","7117","Stone"
"Pig iron","712193","0.002816240632067424","7201","Metals"
"Ferroalloys","3328727","0.013162859267726446","7202","Metals"
"Ferrous products from the reduction of iron ore","35171","0.0001390774681447913","7203","Metals"
"Ferrous waste and scrap","29713","0.00011749477725928135","7204","Metals"
"Powders of iron or steel","1450496","0.005735728618297666","7205","Metals"
"Iron and nonalloy steel","5097743","0.020158118611720816","7206","Metals"
"Semifinished products of iron or nonalloy steel","318661248","1.260089265807041","7207","Metals"
"Flat-rolled iron, width > 600mm, hot-rolled, not clad","228606976","0.9039856535872473","7208","Metals"
"Flat-rolled iron, width > 600mm, cold-rolled, not clad","21615988","0.0854765824823915","7209","Metals"
"Flat rolled iron, width > 600mm, clad","98557648","0.3897287012068339","7210","Metals"
"Flat-rolled iron, width < 600mm, not clad","12621198","0.049908284177137524","7211","Metals"
"Flat-rolled iron, width < 600mm, clad","10461734","0.04136906761605528","7212","Metals"
"Hot rolled bars of iron","35360268","0.13982589480996513","7213","Metals"
"Other bars of iron, not further worked than forged","8487154","0.0335609419713667","7214","Metals"
"Other bars and rods of iron or nonalloy steel","6982097","0.02760946157633684","7215","Metals"
"Angles of iron or nonalloy steel","46307168","0.1831134651387649","7216","Metals"
"Wire of iron or nonalloy steel","19443940","0.07688760473001147","7217","Metals"
"Stainless steel in ingots","1492307","0.005901062786237215","7218","Metals"
"Flat-rolled products of stainless steel of a width > 600 mm","10091038","0.0399032161722123","7219","Metals"
"Flat-rolled products of stainless steel of a width < 600 mm","1682447","0.006652937620420224","7220","Metals"
"Bars of stainless steel, hot-rolled","162335","0.0006419249037924625","7221","Metals"
"Other bars and rods of stainless steel","4614738","0.018248161189376416","7222","Metals"
"Wire of stainless steel","1558856","0.006164218978201269","7223","Metals"
"Other alloy steel in primary form","1112323","0.0043984835972596375","7224","Metals"
"Flat-rolled products of other alloy steel, width > 600 mm","38756596","0.15325607021667131","7225","Metals"
"Flat-rolled products of other alloy steel, width < 600 mm","10936009","0.04324450380508518","7226","Metals"
"Bars of other alloy steel","1302431","0.005150231893130383","7227","Metals"
"Other bars and rods of other alloy steel","21829362","0.0863203320399226","7228","Metals"
"Wire of other alloy steel","2918433","0.011540424571101411","7229","Metals"
"Sheet piling of iron or steel","1019459","0.0040312694150698245","7301","Metals"
"Railway construction material of iron or steel","643423","0.0025443018903678048","7302","Metals"
"Tubes of cast iron","4241279","0.0167713839531339","7303","Metals"
"Tubes, seamless, of iron or steel","21516464","0.08508303251396176","7304","Metals"
"Other tubes and pipes, diameter > 406.4 mm, of iron or steel","676131","0.0026736398627905346","7305","Metals"
"Other tubes, pipes and hollow profiles of iron or steel","23401726","0.09253796600318827","7306","Metals"
"Tube or pipe fittings of iron or steel","17180680","0.06793794533581227","7307","Metals"
"Structures and their parts, of iron or steel","33906152","0.1340758515450926","7308","Metals"
"Tanks etc. > 300 liters, iron or steel","8435533","0.033356815902073754","7309","Metals"
"Tanks etc. < 300 liters, iron or steel","6823947","0.02698408551119514","7310","Metals"
"Containers for compressed or liquified gas","5076451","0.02007392318219823","7311","Metals"
"Wire of iron or steel, not insulated","7660572","0.030292370370500706","7312","Metals"
"Barbed wire of iron or steel","141005","0.0005575792100240624","7313","Metals"
"Cloth of iron or steel wire","6372818","0.025200176065154605","7314","Metals"
"Chain of iron or steel","5706142","0.022563924319315795","7315","Metals"
"Anchors of iron or steel","271676","0.0010742944538314045","7316","Metals"
"Nails and similar articles of iron or steel","2338886","0.009248708969301368","7317","Metals"
"Screws and similar articles of iron or steel","48889596","0.19332521765948416","7318","Metals"
"Articles for sewing of iron or steel","555554","0.002196839547857934","7319","Metals"
"Springs of iron or steel","14881094","0.05884464123125999","7320","Metals"
"Stoves and similar non-electric appliances of iron or steel","19294440","0.0762964335524036","7321","Metals"
"Radiators for central heating of iron or steel","2416739","0.00955656482007264","7322","Metals"
"Household articles of iron or steel","16537561","0.06539484555941097","7323","Metals"
"Sanitary ware and parts of iron or steel","2767059","0.01094184299358159","7324","Metals"
"Other cast articles of iron or steel","6130163","0.024240639997579777","7325","Metals"
"Other articles of iron or steel","84735456","0.33507129972347577","7326","Metals"
"Copper mattes","2530","0.000010004435313363909","7401","Metals"
"Unrefined copper","134684","0.0005325839390296856","7402","Metals"
"Refined copper and copper alloys","9602452","0.03797118967734462","7403","Metals"
"Copper waste and scrap","224091","0.0008861280291727398","7404","Metals"
"Master alloys of copper","361798","0.001430665884389105","7405","Metals"
"Copper powders and flakes","315165","0.0012462639745202911","7406","Metals"
"Copper bars, rods and profiles","274537696","1.0856105220205396","7407","Metals"
"Copper wire","149922304","0.5928411037148139","7408","Metals"
"Copper plates, sheets and strip > 0.15 mm","4868151","0.019250237855805465","7409","Metals"
"Copper foil < 0.15 mm thick","13196662","0.05218385428115715","7410","Metals"
"Copper tubes and pipes","10486480","0.04146692127465785","7411","Metals"
"Copper tube or pipe fittings","6266775","0.024780847869923364","7412","Metals"
"Copper wire, uninsulated","4294027","0.01697996654361189","7413","Metals"
"Screws and similar articles of copper","18962872","0.0749853068298813","7415","Metals"
"Household articles of copper","569647","0.0022525678114434034","7418","Metals"
"Other articles of copper","19884126","0.07862824202758002","7419","Metals"
"Nickel mattes","6472","0.000025592373655372023","7501","Metals"
"Nickel unwrought","2526867","0.009992046421728821","7502","Metals"
"Nickel powders","38210","0.00015109465348760274","7504","Metals"
"Nickel bars, wire etc.","4425585","0.017500189271262297","7505","Metals"
"Nickel plates","163327","0.0006458475914726432","7506","Metals"
"Nickel tubes and pipes","361213","0.0014283526058680306","7507","Metals"
"Other articles of nickel","754878","0.00298503087766068","7508","Metals"
"Unwrought aluminum","40393120","0.15972741349602607","7601","Metals"
"Waste or scrap, aluminium","120842","0.0004778482103310361","7602","Metals"
"Aluminum powders","87504","0.00034601901488561085","7603","Metals"
"Aluminum bars","39158844","0.1548466884364065","7604","Metals"
"Aluminum wire","28075382","0.11101910795137605","7605","Metals"
"Aluminum plates > 0.2 mm","63906704","0.25270770207837734","7606","Metals"
"Aluminum foil < 0.2 mm","21380510","0.0845454265856641","7607","Metals"
"Aluminum tubes and pipes","3951538","0.015625654667707267","7608","Metals"
"Aluminum tube or pipe fittings","7740612","0.030608874324050763","7609","Metals"
"Aluminum structures (bridges, towers etc)","11416356","0.04514395063886717","7610","Metals"
"Aluminum containers, >300 liters","34688","0.0001371675304940582","7611","Metals"
"Aluminum containers, <300 liters","6412628","0.025357597634255404","7612","Metals"
"Aluminum containers for compressed or liquefied gas","323297","0.0012784205231243524","7613","Metals"
"Aluminum wire, not insulated","27913","0.00011037699719443746","7614","Metals"
"Household articles of aluminum","8270231","0.032703158524141074","7615","Metals"
"Other articles of aluminum","37335144","0.14763519093404218","7616","Metals"
"Lead refined unwrought","3821106","0.015109884506919649","7801","Metals"
"Lead foil <2mm","9458","0.00003739997991849638","7804","Metals"
"Other articles of lead","767560","0.0030351795925397636","7806","Metals"
"Unwrought zinc","27224354","0.10765386898858498","7901","Metals"
"Zinc waste and scrap","4747","0.00001877116775989663","7902","Metals"
"Zinc powders","45604","0.00018033291226507813","7903","Metals"
"Zinx bars and wire","341112","0.0013488667741550157","7904","Metals"
"Zinc plates and foil","3112057","0.012306076264032153","7905","Metals"
"Other articles of zinc","3241013","0.0128160098451666","7907","Metals"
"Unwrought tin","3874879","0.015322520277712344","8001","Metals"
"Tin bars and wire","3694481","0.014609168450969174","8003","Metals"
"Other articles of tin","183208","0.0007244634722888439","8007","Metals"
"Tungsten (wolfram)","204418","0.0008083346473862544","8101","Metals"
"Molybdenum","25316","0.00010010762228977103","8102","Metals"
"Tantalum","6556","0.000025924536725064733","8103","Metals"
"Magnesium","1093338","0.004323410789186826","8104","Metals"
"Cobalt","2788709","0.01102745407047263","8105","Metals"
"Bismuth","34676","0.00013712007862695923","8106","Metals"
"Titanium","1531120","0.006054541896046541","8108","Metals"
"Antimony","12696","0.00005020407539069889","8110","Metals"
"Other metals","130457","0.0005158690188440772","8112","Metals"
"Cermets","1935354","0.007653013399786599","8113","Metals"
"Handtools for gardening","1427645","0.005645368400374474","8201","Metals"
"Handsaws","2921179","0.011551283140022557","8202","Metals"
"Pliers, pincers and other metal handtools","3363833","0.013301679704924449","8203","Metals"
"Wrenches","2665412","0.010539897998997598","8204","Metals"
"Hand tools n.e.c.","13086770","0.051749305899553906","8205","Metals"
"Retail tool sets","957910","0.0037878848343970042","8206","Metals"
"Interchangeable tools for hand tools","21681894","0.0857371960451435","8207","Metals"
"Knives and blades for machines","4764219","0.01883925723486138","8208","Metals"
"Articles for utensils, of cermet","1994842","0.007888248122285172","8209","Metals"
"Hand-operated appliances, food preparation, <10kg","895672","0.003541775725688252","8210","Metals"
"Knife sets","1579229","0.006244780385568527","8211","Metals"
"Razors","7143340","0.0282470683602233","8212","Metals"
"Scissors","1186905","0.004693404859924186","8213","Metals"
"Other cutlery","1137317","0.004497317927782253","8214","Metals"
"Cutlery","1825290","0.0072177848747549435","8215","Metals"
"Padlocks and locks","17022734","0.06731337595241124","8301","Metals"
"Base metal mountings, fittings and similar articles","47538040","0.1879807296854174","8302","Metals"
"Safes","1304029","0.0051565509000990615","8303","Metals"
"Paper trays and similar office equipment, of base metal","1459270","0.005770423841791522","8304","Metals"
"Paper clips and similar office articles, of metal","2225202","0.008799165797694861","8305","Metals"
"Ornaments, statuettes, etc. of metal","1628791","0.006440764505331745","8306","Metals"
"Flexible tubing of base metal","2322276","0.00918302767659189","8307","Metals"
"Clasps, buckles etc. of metal","22985558","0.0908923036176183","8308","Metals"
"Stoppers, caps and lids of metal","39023088","0.15430986546391595","8309","Metals"
"Sign plates and similar plates of base metal","972445","0.0038453609084206186","8310","Metals"
"Wire etc. used for welding","4516419","0.017859376179267868","8311","Metals"
"Steam boilers","2563993","0.010138854589888485","8402","Machinery"
"Central heating boilers","11271978","0.04457303349986604","8403","Machinery"
"Auxiliary parts for use with boilers","730701","0.002889427228423052","8404","Machinery"
"Water gas generators","480963","0.0019018826962930615","8405","Machinery"
"Steam turbines","2851686","0.011276485423330224","8406","Machinery"
"Spark-ignition reciprocating internal combustion piston engines","15277325","0.0604114662939673","8407","Machinery"
"Compression-ignition internal combustion piston engines","25272178","0.09993433597977014","8408","Machinery"
"Parts suitable for use with spark-ignition engines","33305246","0.1316996755741787","8409","Machinery"
"Hydraulic turbines, water wheels and regulators","174973","0.000691899628492183","8410","Machinery"
"Gas turbines","32320378","0.12780519012034386","8411","Machinery"
"Other engines and motors","8231287","0.032549161398115915","8412","Machinery"
"Pumps for liquids","74068560","0.29289095544427407","8413","Machinery"
"Pumps, compressors, fans, etc.","54414476","0.21517237361762565","8414","Machinery"
"Air conditioners","41291052","0.16327812599001795","8415","Machinery"
"Furnace burners","1850828","0.007318770356586045","8416","Machinery"
"Industrial furnaces","4057786","0.016045793499001454","8417","Machinery"
"Refrigerators, freezers","68957552","0.2726803827477976","8418","Machinery"
"Equipment for temperature change of materials","43339240","0.17137732138749157","8419","Machinery"
"Calendering or other rolling machines, other than for metals or glass","1833440","0.007250012601159654","8420","Machinery"
"Centrifuges","83107016","0.32863192318525664","8421","Machinery"
"Dish washing machines","43145836","0.17061253964545764","8422","Machinery"
"Weighing machinery","6596002","0.02608271752403912","8423","Machinery"
"Sprays and powder dispersers","18957732","0.07496498161347391","8424","Machinery"
"Pulleys and winches","6013443","0.023779091503597236","8425","Machinery"
"Ships' derricks; cranes","10167254","0.04020459879744682","8426","Machinery"
"Fork-lift trucks","22430824","0.08869870661401212","8427","Machinery"
"Other lifting machinery","20720710","0.081936364759673","8428","Machinery"
"Self-propelled bulldozers, excavators and road rollers","39588536","0.156545829076197","8429","Machinery"
"Other moving, excavating or boring machinery","7981260","0.03156047406685329","8430","Machinery"
"Parts for use with hoists and excavation machinery","27014182","0.10682278117092477","8431","Machinery"
"Machinery for soil preparation or cultivation","6404590","0.025325812791943618","8432","Machinery"
"Harvesting or agricultural machinery","8720742","0.03448462419902601","8433","Machinery"
"Dairy machinery","2309674","0.009133195307493467","8434","Machinery"
"Machines for wine and juice production","329065","0.0013012290539099187","8435","Machinery"
"Other agricultural machinery","16889626","0.06678702402526056","8436","Machinery"
"Machinery for processing grain","3638285","0.014386951357344746","8437","Machinery"
"Machinery for the industrial preparation of food or drink","31814628","0.12580529163823564","8438","Machinery"
"Machinery for making paper","4394019","0.017375367134858488","8439","Machinery"
"Bookbinding machinery","3304920","0.013068718717724366","8440","Machinery"
"Other machinery for making paper","8970950","0.03547402726261737","8441","Machinery"
"Machinery for making printing components","2227504","0.008808268647533344","8442","Machinery"
"Printers and copiers","28377698","0.11221456283920014","8443","Machinery"
"Machines to extrude, cut manmade textile fibres","215147","0.0008507605708949821","8444","Machinery"
"Machines for preparing textile fibers","2811943","0.011119328793820731","8445","Machinery"
"Looms","2243886","0.008873048354767939","8446","Machinery"
"Knitting machines","5778894","0.022851609172247753","8447","Machinery"
"Auxiliary machinery for use with knitting and textile machines","9952978","0.03935728244123877","8448","Machinery"
"Machinery to manufacture felt","639598","0.0025291766077300114","8449","Machinery"
"Household- or laundry-type washing machines","24830820","0.09818906421651494","8450","Machinery"
"Machinery for processing fabrics","13077480","0.0517125702457748","8451","Machinery"
"Sewing machines","17535174","0.06933972885042713","8452","Machinery"
"Machinery for preparing leather","10528646","0.041633659226999076","8453","Machinery"
"Machines used in metallurgy","1143172","0.004520470484604287","8454","Machinery"
"Metal-rolling mills","4825004","0.019079620713328898","8455","Machinery"
"Machines for working materials by laser and similar means","10066009","0.03980424344041064","8456","Machinery"
"Machining centers for working metal","3647890","0.014424932622635205","8457","Machinery"
"Lathes for removing metal","5366420","0.021220554053099742","8458","Machinery"
"Machine tools for drilling by removing metal","3303244","0.013062091273619545","8459","Machinery"
"Machines with grinding stones for finishing metal","1037801","0.0041037995939305835","8460","Machinery"
"Other machine tools for planing and cutting metals","1489175","0.005888677848924387","8461","Machinery"
"Machine tools for molding and forging metals","13796093","0.054554197626740165","8462","Machinery"
"Other machine tools for working metal, without removal","2860871","0.01131280587327222","8463","Machinery"
"Machine tools for working stone","5179495","0.020481392364976994","8464","Machinery"
"Machine tools for working wood","14862853","0.058772510438947316","8465","Machinery"
"Parts and accessories for metal working machines","18247178","0.07215522211558775","8466","Machinery"
"Tools for hand working, pneumatic, hydraulic motors","5126163","0.020270500450300186","8467","Machinery"
"Machinery for soldering","999656","0.003952961971389767","8468","Machinery"
"Cash registers, calculators, etc.","5351440","0.02116131830567121","8470","Machinery"
"Computers","108125528","0.4275631820550664","8471","Machinery"
"Other office machines","5203667","0.020576976242603334","8472","Machinery"
"Parts and accessories for office machines","79172296","0.3130727723092886","8473","Machinery"
"Machinery for working minerals","33920196","0.13413138604688743","8474","Machinery"
"Machines for assembling electric lamps","7478436","0.0295721459316727","8475","Machinery"
"Automatic goods-vending machines","213086","0.0008426107127207359","8476","Machinery"
"Machinery for working rubber or plastics","51110564","0.20210764085673757","8477","Machinery"
"Machinery for preparing tobacco","797788","0.0031547108457620414","8478","Machinery"
"Machines n.e.c.","143872320","0.568917517321578","8479","Machinery"
"Molding boxes for metal foundry","42913968","0.16969565885208251","8480","Machinery"
"Appliances for thermostatically controlled valves","109092640","0.4313874545628838","8481","Machinery"
"Ball or roller bearings","15593132","0.061660268943377394","8482","Machinery"
"Transmission shafts","27585420","0.10908164030908105","8483","Machinery"
"Gaskets and similar joints of metal sheeting","4649541","0.018385783466930174","8484","Machinery"
"Machinery parts, not containing electrical features, n.e.c.","9597478","0.0379515208784321","8485","Machinery"
"Electric motors and generators","48405300","0.19141015520710436","8501","Electronics"
"Electric generating sets and rotary converters","18506754","0.07318166927009437","8502","Electronics"
"Parts for use with electric generators","15171375","0.05999250585070607","8503","Electronics"
"Electrical transformers","121316864","0.47972597561587615","8504","Electronics"
"Electromagnets","7746127","0.030630682411304993","8505","Electronics"
"Primary cells and primary batteries","9232582","0.03650860450368695","8506","Electronics"
"Batteries","26923536","0.10646433767550374","8507","Electronics"
"Vacuum cleaners","7989735","0.03159398694799193","8508","Electronics"
"Electromechanical domestic appliances","30664514","0.1212573702485146","8509","Electronics"
"Electric shavers and hair clippers","2942924","0.011637269877528129","8510","Electronics"
"Electrical ignition equipment","27827598","0.11003929016493869","8511","Electronics"
"Electrical lighting equipment used for motor vehicles","23237058","0.09188681566556732","8512","Electronics"
"Portable electric lamps","1102486","0.004359584929205266","8513","Electronics"
"Industrial electric furnaces","4712175","0.01863345848725319","8514","Electronics"
"Electric soldering machines","25119142","0.09932918231865713","8515","Electronics"
"Electric heaters","45348104","0.17932101701648187","8516","Electronics"
"Telephones","44117464","0.17445466987259325","8517","Electronics"
"Microphones","11772152","0.04655088268106228","8518","Electronics"
"Sound reproducing apparatus","135015","0.0005338928196971653","8519","Electronics"
"Magnetic tape recorders","210211","0.0008312420362282769","8520","Electronics"
"Video recording apparatus","14876318","0.0588257553881546","8521","Electronics"
"Parts and accessories for video or sound equipment","11285626","0.04462700209004659","8522","Electronics"
"Sound storage media","7827912","0.03095408665719569","8523","Electronics"
"Tapes, cassettes, records and compact disks","964141","0.0038125242163881395","8524","Electronics"
"Transmission apparatus for radio, telephone and TV","287162560","1.1355333027430758","8525","Electronics"
"Radar","7677793","0.030360467754109968","8526","Electronics"
"Reception apparatus for radio broadcasting","1971879","0.007797445020269056","8527","Electronics"
"Monitors and projectors","42542584","0.16822708683452586","8528","Electronics"
"Parts of radios, telephones, and T.V.s","21166950","0.08370094152419295","8529","Electronics"
"Electric signal and traffic controls","2826853","0.011178287738691187","8530","Electronics"
"Electric sound or visual signaling apparatus","13771813","0.05445818668230994","8531","Electronics"
"Electrical capacitors","45739956","0.1808705261020203","8532","Electronics"
"Electrical resistors","101293608","0.4005475687325063","8533","Electronics"
"Electronic printed circuits","70624000","0.2792700551664082","8534","Electronics"
"Electrical apparatus for > 1k volts","17448260","0.06899604288567389","8535","Electronics"
"Electrical apparatus for < 1k volts","527423840","2.0856038300418955","8536","Electronics"
"Electrical boards","83467544","0.3300575670803778","8537","Electronics"
"Parts for electrical apparatus","247045088","0.9768958902688911","8538","Electronics"
"Electrical filament","6886804","0.027232642345381745","8539","Electronics"
"Thermionic, cold cathode or photocathode tubes","401487","0.0015876089804966545","8540","Electronics"
"Semiconductor devices","101793728","0.40252520438030054","8541","Electronics"
"Electronic integrated circuits","363052320","1.4356258698840687","8542","Electronics"
"Electrical machines with individual functions n.e.c.","43023184","0.17012753411183917","8543","Electronics"
"Insulated electrical wire","479921120","1.8977627670186397","8544","Electronics"
"Carbon articles for eletrical purposes","10013072","0.039594913483025844","8545","Electronics"
"Electrical insulators of any material","1995730","0.007891759560450495","8546","Electronics"
"Insulating fittings for electrical machines","121496400","0.48043591881683273","8547","Electronics"
"Waste and scrap of batteries","4432309","0.017526778134126748","8548","Electronics"
"Self-propelled railway coaches","71798272","0.2839135050732439","8603","Vehicles"
"Railway coaches, not self-propelled","1130","0.0000044683841518186625","8605","Vehicles"
"Parts of railway locomotives","8487674","0.03356299821894099","8607","Vehicles"
"Railway track fixtures","1738565","0.006874846276908507","8608","Vehicles"
"Containers for multimodal transportation","9538141","0.03771688325859452","8609","Vehicles"
"Tractors","64489868","0.2550137204637854","8701","Vehicles"
"Buses","7522801","0.029747579438659813","8702","Vehicles"
"Cars","640125888","2.5312640469982726","8703","Vehicles"
"Motor vehicles for transporting goods","164585424","0.6508238055061548","8704","Vehicles"
"Special purpose motor vehicles","15767277","0.06234889439303974","8705","Vehicles"
"Vehicle chassis fitted with engines","5362874","0.021206532026372","8706","Vehicles"
"Vehicle Bodies","4890386","0.019338162211217577","8707","Vehicles"
"Parts of motor vehicles","246327776","0.9740594074611836","8708","Vehicles"
"Work trucks","310210","0.001226670307730679","8709","Vehicles"
"Tanks and other armored fighting vehicles","3304328","0.013066377758947485","8710","Vehicles"
"Motorcycles","15823218","0.06257010313448831","8711","Vehicles"
"Bicycles","4513808","0.01784905144385159","8712","Vehicles"
"Wheelchairs","780646","0.003086925853611179","8713","Vehicles"
"Parts of motorcycles or wheelchairs","57263056","0.22643657691602176","8714","Vehicles"
"Baby carriages","851656","0.00336772227716927","8715","Vehicles"
"Trailers and semi-trailers","15586714","0.06163489010312396","8716","Vehicles"
"Other aircraft and spacecraft","111296432","0.4401019583210296","8802","Vehicles"
"Parts of other aircraft","104109992","0.4116844586714759","8803","Vehicles"
"Parachutes","224572","0.0008880300581789564","8804","Vehicles"
"Pleasure or sport boats","23447770","0.09272003881724697","8903","Vehicles"
"Special function vessels, n.e.c.","9433545","0.03730327696767096","8905","Vehicles"
"Other vessels","9521883","0.03765259388731995","8906","Vehicles"
"Other floating structures","1376988","0.005445054297738475","8907","Vehicles"
"Floating structures for scrapping","72806","0.0002878983863339023","8908","Vehicles"
"Optical fibers","8260791","0.03266582972202322","9001","Machinery"
"Lenses and other optical elements","714462","0.0028252129892713854","9002","Machinery"
"Frames for spectacles, goggles","4277216","0.016913490432128506","9003","Machinery"
"Glasses","8638175","0.03415812767312936","9004","Machinery"
"Binoculars and telescopes","1038008","0.004104618138638041","9005","Machinery"
"Photographic cameras","720725","0.0028499789095747835","9006","Machinery"
"Cinematographic cameras and projectors","191581","0.0007575730125571426","9007","Machinery"
"Still image projectors","31598","0.0001249486747160762","9008","Machinery"
"Electrostatic photo-copyers","810926","0.0032066627315908854","9009","Machinery"
"Apparatus and equipment for photographic laboratories, n.e.c.","1319686","0.005218463723696428","9010","Machinery"
"Optical microscopes","1763739","0.006974392385437607","9011","Machinery"
"Microscopes, other than optical","90466","0.00035773171741453725","9012","Machinery"
"Liquid crystal devices","18158444","0.0718043392843245","9013","Machinery"
"Navigational instruments","4243058","0.01677841869243132","9014","Machinery"
"Surveying instruments","5256659","0.020786523687712336","9015","Machinery"
"Balances of a sensitivity < 50 milligram","442487","0.001749736193084765","9016","Machinery"
"Drafting tables and machines","2553429","0.010097081129552368","9017","Machinery"
"Medical instruments","147899072","0.5848405923836171","9018","Machinery"
"Therapy applicances","24142198","0.09546603091439665","9019","Machinery"
"Other breathing appliances and gas masks","793435","0.0031374976809718943","9020","Machinery"
"Orthopedic appliances","31905104","0.12616306289887275","9021","Machinery"
"X-ray machines","23872724","0.0944004438781779","9022","Machinery"
"Instruments designed for demonstrational purposes","4170460","0.016491342805127134","9023","Machinery"
"Machines for testing the mechanical properties of materials","2746337","0.010859901527746204","9024","Machinery"
"Thermometers, hydrometers etc.","10169990","0.04021541782314538","9025","Machinery"
"Instruments for measuring properties of liquids or gases","29620622","0.11712948487770905","9026","Machinery"
"Instruments for physical or chemical analysis","34276260","0.13553937784744774","9027","Machinery"
"Gas, liquid or electricity meters","12660355","0.05006312357380368","9028","Machinery"
"Meters","1538013","0.006081799039372634","9029","Machinery"
"Instruments for measuring electricity","13158336","0.05203230092628759","9030","Machinery"
"Measuring instruments","28779120","0.11380191478875001","9031","Machinery"
"Automatic regulating instruments","60829448","0.2405392401832544","9032","Machinery"
"Other parts for machines and appliances","2646369","0.010464595840233808","9033","Machinery"
"Watches with precious metal","1330041","0.0052594107306805716","9101","Machinery"
"Watches","12106366","0.0478724725402799","9102","Machinery"
"Clocks with watch movements","25883","0.00010234972301019686","9103","Machinery"
"Instrument panel clocks for vehicles","26331","0.00010412125938189133","9104","Machinery"
"Other clocks","749318","0.002963044845904829","9105","Machinery"
"Apparatus for measuring intervals of time","368388","0.00145672486807095","9106","Machinery"
"Time switches","540286","0.0021364649556190247","9107","Machinery"
"Watch movements, complete","27362","0.00010819816563014359","9108","Machinery"
"Clock movements, complete","4972","0.000019660890268002115","9109","Machinery"
"Watch cases and parts","19186","0.00007586762684671934","9111","Machinery"
"Clock cases","1028876","0.004068507267775734","9112","Machinery"
"Watch straps","4252326","0.01681506735112075","9113","Machinery"
"Other clock or watch parts","4000033","0.01581741952562094","9114","Machinery"
"Pianos","1583287","0.00626082702529249","9201","Machinery"
"Musical instruments, string","328427","0.0012987061963091575","9202","Machinery"
"Musical instruments, wind","153285","0.0006061382873553307","9205","Machinery"
"Musical instruments, percussion","81178","0.00032100397227994285","9206","Machinery"
"Musical instruments, electric","648077","0.0025627053061576845","9207","Machinery"
"Other musical instruments, n.e.c.","105956","0.00041898416919477723","9208","Machinery"
"Parts of musical instruments","7606588","0.03007890023771152","9209","Machinery"
"Military weapons, other than pistols and swords","351277","0.0013890624599100924","9301","Machinery"
"Revolvers and pistols","100086","0.0003957722975388696","9302","Machinery"
"Other firearms","4130505","0.01633334785929889","9303","Machinery"
"Other arms (air guns, truncheons, etc.)","1616828","0.00639345894815634","9304","Machinery"
"Parts of military weapons","2049482","0.008104312290475766","9305","Machinery"
"Munitions of war","17133352","0.06775079517197398","9306","Machinery"
"Seats","33130960","0.1310104925650779","9401","Textiles"
"Medical, dental or veterinary furniture","7195156","0.028451965522356605","9402","Textiles"
"Other furniture and parts","33425404","0.13217481902808506","9403","Textiles"
"Mattresses and bedding","2703370","0.010689996163276122","9404","Textiles"
"Lamps","41843036","0.16546084860741397","9405","Textiles"
"Prefabricated buildings","7670637","0.030332170624029958","9406","Textiles"
"Toys","20132212","0.07960925401933938","9503","Machinery"
"Games","9085399","0.03592659549075144","9504","Machinery"
"Christmas and other festivity articles","1849408","0.007313155218979336","9505","Machinery"
"Sports equipment","12549976","0.04962664943726069","9506","Machinery"
"Fishing and hunting equipment","1842971","0.0072877012466030025","9507","Machinery"
"Fairground amusements","1336983","0.00528686163579732","9508","Machinery"
"Worked animal carving material","58297","0.0002305251246890023","9601","Machinery"
"Worked vegetable or mineral carving material","2356969","0.009320214978697242","9602","Machinery"
"Brooms and mops","5376604","0.021260824870977725","9603","Machinery"
"Hand sieves and riddles","58933","0.00023304007364524713","9604","Machinery"
"Travel sets","108636","0.00042958175284687805","9605","Machinery"
"Buttons","18799038","0.07433745439702372","9606","Machinery"
"Slide fasteners","19795082","0.0782761333564167","9607","Machinery"
"Pens","17793060","0.07035949320031731","9608","Machinery"
"Pencils, crayons, pastels, etc.","1909629","0.007551288459693204","9609","Machinery"
"Slates and boards, with writing or drawing surfaces","729779","0.0028857813433009485","9610","Machinery"
"Hand-operated stamps","346174","0.00136888355342626","9611","Machinery"
"Typewriter ribbons and ink pads","3254877","0.012870832568954934","9612","Machinery"
"Cigarette lighters","7917460","0.03130818830677716","9613","Machinery"
"Smoking pipes","129276","0.000511198964257088","9614","Machinery"
"Combs, hair-slides etc.","1266356","0.005007579717664136","9615","Machinery"
"Scent sprays","2349721","0.009291554050969469","9616","Machinery"
"Vacuum vessels","1382702","0.005467649295122097","9617","Machinery"
"Mannequins","251443","0.0009942866515803008","9618","Machinery"
"Paintings and drawings","170413","0.0006738679189945785","9701","Textiles"
"Sculptures","21337","0.00008437337402420779","9703","Textiles"
"Antiques >100 years","953169","0.0037691373925706575","9706","Textiles"
"Commodities not specified according to kind","257691952","1.0189970215646156","9999","Other"
"Trade data discrepancies","286273536","1.1320178153517606","XXXX","Other"
"Travel and tourism","445988480","1.7635821733855706","travel","Services"
"Transport","1351707008","5.345085108362321","transport","Services"
"ICT","654078336","2.586436522681701","ict","Services"
"Insurance and finance","341675200","1.3510938484508601","financial","Services"