"Name","Gross Export","Share","Code","Sector"
"Horses","109905","0.0005386850402614623","0101","Agriculture"
"Fowl","284920","0.0013964982636940615","0105","Agriculture"
"Other live animals","36664","0.00017970381980934673","0106","Agriculture"
"Poultry","3507712","0.01719259342109653","0207","Agriculture"
"Other meat","1087","0.000005327788897358715","0208","Agriculture"
"Live Fish","42504088","0.20832825035764285","0301","Agriculture"
"Fish, excluding fillets","29316812","0.14369253493979092","0302","Agriculture"
"Frozen fish, excluding fillets","3226274","0.01581316172680505","0303","Agriculture"
"Fish fillets","25454378","0.12476131784505237","0304","Agriculture"
"Preserved fish","7848123","0.03846655251564449","0305","Agriculture"
"Crustaceans","89412800","0.4382451914643563","0306","Agriculture"
"Molluscs","25222232","0.12362348446753053","0307","Agriculture"
"Milk","5278546","0.025872105586933997","0401","Agriculture"
"Milk, concentrated","117293","0.0005748963598324708","0402","Agriculture"
"Fermented milk products","4522358","0.022165748612954336","0403","Agriculture"
"Whey","21794","0.00010682045191263646","0404","Agriculture"
"Butter","1219071","0.005975117699072664","0405","Agriculture"
"Cheese","8767876","0.04297460202963931","0406","Agriculture"
"Eggs, in shell","2693345","0.013201079657549776","0407","Agriculture"
"Egg yolks","6236","0.00003056494164114898","0408","Agriculture"
"Honey","41215","0.00020200995345413008","0409","Agriculture"
"Coral and shells","2113992","0.010361456399912735","0508","Agriculture"
"Animal products n.e.c.","1539193","0.007544153980029671","0511","Agriculture"
"Flower bulbs","302155","0.0014809733710040684","0601","Agriculture"
"Other live plants","961295","0.004711662215350916","0602","Agriculture"
"Cut flowers","545266","0.002672550267623916","0603","Agriculture"
"Other parts of plants","3862128","0.018929717275600937","0604","Agriculture"
"Potatoes","396219","0.0019420158133602323","0701","Agriculture"
"Tomatoes","68043088","0.3335043319120533","0702","Agriculture"
"Onions, shallots, garlic","787018","0.0038574662027796324","0703","Agriculture"
"Cabbages, cauliflowers, broccoli","75177","0.0003684702722509071","0704","Agriculture"
"Lettuce","2772938","0.013591194378531811","0705","Agriculture"
"Carrots & turnips","7998","0.00003920115510678473","0706","Agriculture"
"Cucumbers","23993","0.0001175985639506234","0707","Agriculture"
"Legumes","953583","0.004673862851987134","0708","Agriculture"
"Other vegetables","10343391","0.050696783561030405","0709","Agriculture"
"Frozen vegetables","166874","0.0008179111724543129","0710","Agriculture"
"Vegetables, provisionally preserved","3953038","0.019375300797826216","0711","Agriculture"
"Vegetables, dried","16207897","0.0794408957554127","0712","Agriculture"
"Legumes, dried","3257288","0.015965172807635482","0713","Agriculture"
"Cashew nuts & coconuts","53395","0.00026170863677504007","0801","Agriculture"
"Other nuts","3593337","0.017612273204294638","0802","Agriculture"
"Bananas and plantains","27868","0.00013659137165739896","0803","Agriculture"
"Avocados, pineapples, mangos, etc.","255186128","1.2507615634943512","0804","Agriculture"
"Citrus fruit","12611933","0.06181574665283531","0805","Agriculture"
"Grapes","1149070","0.0056320169165482775","0806","Agriculture"
"Melons and papayas","5565495","0.027278548729811808","0807","Agriculture"
"Apples & pears","603750","0.0029592019749588995","0808","Agriculture"
"Peaches & cherries","15688437","0.07689483023506133","0809","Agriculture"
"Other fresh fruit","13284846","0.0651139420624842","0810","Agriculture"
"Fruits and nuts, frozen","804316","0.003942250096382678","0811","Agriculture"
"Fruits and nuts, provisionally preserved","27591","0.00013523369224197266","0812","Agriculture"
"Fruits, dried","177398","0.0008694931875010498","0813","Agriculture"
"Peel of citrus fruit or melons","334366","0.0016388513914022483","0814","Agriculture"
"Coffee","214828","0.0010529514565241747","0901","Agriculture"
"Tea","2894","0.000014184564000879594","0902","Agriculture"
"Pepper","20242304","0.09921501610686283","0904","Agriculture"
"Vanilla","9380","0.00004597484807472377","0905","Agriculture"
"Cloves","2505","0.00001227793117560587","0907","Agriculture"
"Anise, fennel, etc.","272200","0.00133415284071853","0909","Agriculture"
"Spices","4496330","0.022038175761601574","0910","Agriculture"
"Wheat and meslin","2449","0.000012003454470682145","1001","Agriculture"
"Barley","3056","0.000014978585897266082","1003","Agriculture"
"Corn","240012","0.001176387551824158","1005","Agriculture"
"Rice","163875","0.0008032119646317014","1006","Agriculture"
"Grain sorghum","7650","0.00003749547844047301","1007","Agriculture"
"Other cereals","110868","0.0005434050593122042","1008","Agriculture"
"Wheat or meslin flour","1842897","0.009032719572746718","1101","Agriculture"
"Cereal flours","225308","0.0011043178113027572","1102","Agriculture"
"Cereal meals","5631208","0.027600632438930607","1103","Agriculture"
"Worked cereal grains","119330","0.0005848804499740712","1104","Agriculture"
"Potato flour","95524","0.00046819844216310384","1105","Agriculture"
"Flour of dried legumes","2801345","0.013730427588474101","1106","Agriculture"
"Malt","1013","0.000004965087537280936","1107","Agriculture"
"Starches","17600","0.00008626410726174183","1108","Agriculture"
"Wheat gluten","2583","0.00001266023801460677","1109","Agriculture"
"Linseed","31195","0.00015289822875170662","1204","Agriculture"
"Rape or colza seeds","4464","0.00002187971447820543","1205","Agriculture"
"Sunflower seeds","25051","0.00012278421312578947","1206","Agriculture"
"Other oil seeds","178808","0.0008764041188214508","1207","Agriculture"
"Flours of oil seeds","76213","0.00037354809129199607","1208","Agriculture"
"Seeds used for sowing","88003","0.0004313352404179015","1209","Agriculture"
"Hop cones","3439","0.000016855810504155124","1210","Agriculture"
"Plants used in perfumery, pharmacy or insecticide","6200255","0.030389742180122224","1211","Agriculture"
"Seaweeds & edible vegetable products","7302174","0.035790654612494456","1212","Agriculture"
"Lac","2710","0.000013282711970415931","1301","Agriculture"
"Vegetable saps and extracts","1962589","0.009619374318563332","1302","Agriculture"
"Vegetable materials used for plaiting","26832","0.00013151355261631004","1401","Agriculture"
"Vegetable products n.e.c.","149352","0.0007320293720315719","1404","Agriculture"
"Pig and poultry fat, rendered","1858925","0.009111278726791672","1501","Agriculture"
"Soybean oil","89920","0.0004407311661918083","1507","Agriculture"
"Olive oil","646631168","3.169378433814625","1509","Agriculture"
"Olive oil, blended","18499300","0.090671909060633","1510","Agriculture"
"Sunflower seed oil","1183513","0.005800834794185561","1512","Agriculture"
"Coconut & palm kernel oil","1135891","0.005567421764866318","1513","Agriculture"
"Rapeseed, colza or mustard oil,","46710","0.0002289429801247705","1514","Agriculture"
"Other vegetable fats and oils","38945184","0.19088474601728816","1515","Agriculture"
"Vegetable fats, hydrogenated","13523981","0.06628603111305446","1516","Agriculture"
"Margarine","38054088","0.18651715505566835","1517","Agriculture"
"Animal or vegetable fats and oils, processed","835487","0.004095030692260847","1518","Agriculture"
"Stearic acid","6726391","0.0329685292447963","1519","Agriculture"
"Glycerol","222101","0.0010885991185761435","1520","Agriculture"
"Degras and wax residues","3594516","0.01761805191920723","1522","Agriculture"
"Sausages","1307761","0.006409820180495611","1601","Agriculture"
"Other prepared or preserved meat","152151","0.0007457483059080274","1602","Agriculture"
"Extracts and juices of meat or fish","111579","0.0005468899331907893","1603","Agriculture"
"Prepared or preserved fish","30965528","0.1517735016368449","1604","Agriculture"
"Prepared aquatic invertibrates","14746345","0.07227728902265058","1605","Agriculture"
"Sugarcane & sucrose","2466076","0.012087150260204958","1701","Agriculture"
"Other sugars","3303605","0.01619218954945606","1702","Agriculture"
"Molasses","409969","0.002009409647158468","1703","Agriculture"
"Confectionery sugar","13939821","0.06832421670190235","1704","Agriculture"
"Cocoa powder","1589960","0.007792981817152218","1805","Agriculture"
"Chocolates","5269070","0.02582566020736512","1806","Agriculture"
"Malt extract","2553624","0.012516255377395353","1901","Agriculture"
"Pasta","35094392","0.17201059066895538","1902","Agriculture"
"Cereal foods","427598","0.0020958158941424025","1904","Agriculture"
"Bakery products","28809874","0.14120784437120837","1905","Agriculture"
"Pickled fruits and vegetables","482753","0.002366150941643617","2001","Agriculture"
"Tomatoes, prepared or preserved","24664362","0.12088915733581986","2002","Agriculture"
"Mushrooms, prepared or preserved","1045","0.0000051219313686659215","2003","Agriculture"
"Other vegetables, frozen","905229","0.004436862020024961","2004","Agriculture"
"Other vegetables, prepared or preserved","4853181","0.02378723445140043","2005","Agriculture"
"Vegetables, fruits and nuts, preserved by sugar","38190","0.0001871833100185182","2006","Agriculture"
"Jams, jellies and marmalades","1514714","0.007424173350389888","2007","Agriculture"
"Fruits and nuts, otherwise prepared","3114134","0.015263522125195293","2008","Agriculture"
"Fruit juices","1178132","0.0057744605236642295","2009","Agriculture"
"Coffee extracts","959614","0.004703423012833474","2101","Agriculture"
"Yeasts","4687824","0.022976758656827707","2102","Agriculture"
"Sauces and seasonings","23146362","0.11344887808449461","2103","Agriculture"
"Soups and broths","127418","0.0006245227283566262","2104","Agriculture"
"Ice cream","856294","0.004197013492249203","2105","Agriculture"
"Food preparations n.e.c.","33558348","0.16448187110220794","2106","Agriculture"
"Waters","131964","0.0006468043551527557","2201","Agriculture"
"Waters, flavored or sweetened","17471162","0.0856326245883675","2202","Agriculture"
"Beer","1178728","0.005777381740023775","2203","Agriculture"
"Wine","120685","0.0005915218059592792","2204","Agriculture"
"Wine, flavored","1076","0.000005273873830320126","2205","Agriculture"
"Other fermented beverages","79093","0.00038766403611664474","2206","Agriculture"
"Spirits < 80% alcohol","873103","0.004279400616053897","2208","Agriculture"
"Vinegars","120266","0.000589468132042082","2209","Agriculture"
"Flours of fish, for animal feed","6089522","0.02984699880572367","2301","Agriculture"
"Starch residues","2130","0.000010439917526563075","2303","Agriculture"
"Solid soybean residues","766077","0.003754826619247352","2304","Agriculture"
"Solid vegetable oil and fat residues","11522740","0.056477209051657","2306","Agriculture"
"Vegetable materials for animal feeding","4016","0.000019683900838815636","2308","Agriculture"
"Animal feed","22541116","0.11048234366041847","2309","Agriculture"
"Unmanufactured tobacco","440502","0.0021590631691483977","2401","Agriculture"
"Cigars and cigarettes","10937137","0.053606952233202575","2402","Agriculture"
"Other manufactured tobacco","1906847","0.00934616216703015","2403","Agriculture"
"Salt","55823584","0.2736120248812986","2501","Minerals"
"Natural sands","19513476","0.09564276060871733","2505","Minerals"
"Quartz","3435","0.000016836205025232","2506","Minerals"
"Kaolin","82385","0.00040379934527037505","2507","Minerals"
"Clays","170637","0.0008363550267512409","2508","Minerals"
"Chalk","1423983","0.006979467173346416","2509","Minerals"
"Natural calcium phosphates","1481838","0.007263035919120739","2510","Minerals"
"Natural barium sulfate","984528","0.004825535738306146","2511","Minerals"
"Natural abrasives","1503","0.000007366758705363522","2513","Minerals"
"Marble","19806744","0.09708017550692395","2515","Minerals"
"Granite","346826","0.001699922458247777","2516","Minerals"
"Gravel","2205581","0.010810367952185216","2517","Minerals"
"Dolomite","392803","0.001925272734359885","2518","Minerals"
"Natural magnesia","64538","0.00031632459968513037","2519","Minerals"
"Gypsum","23260318","0.11400741857353547","2520","Minerals"
"Limstone","355277","0.0017413439338426053","2521","Minerals"
"Quicklime","3516080","0.017233608083003706","2522","Minerals"
"Cements","120320048","0.5897330412732912","2523","Minerals"
"Mica","29811","0.000146114733044306","2525","Minerals"
"Natural steatite","1667643","0.008173734921948462","2526","Minerals"
"Natural borates","25885","0.00012687195548126065","2528","Minerals"
"Mineral substances n.e.c.","100065","0.0004904555621105794","2530","Minerals"
"Lead ore","3671589","0.017995815188467695","2607","Minerals"
"Zinc ore","3798479","0.01861774999360647","2608","Minerals"
"Slag, ash and residues containing metals","7150399","0.0350467492216052","2620","Minerals"
"Oils etc. from high temperature coal tar","225082","0.0011032101017436008","2707","Minerals"
"Petroleum oils, crude","654706304","3.2089576609769632","2709","Minerals"
"Petroleum oils, refined","345273248","1.6923118465955673","2710","Minerals"
"Petroleum gases","29337446","0.14379366980281583","2711","Minerals"
"Petroleum jelly","8773","0.00004299971664813984","2712","Minerals"
"Petroleum coke","15402","0.00007549089659348566","2713","Minerals"
"Bitumen and asphalt, natural","186999","0.0009165512382862762","2714","Minerals"
"Bituminous mixtures","322609","0.0015812259874774586","2715","Minerals"
"Carbon","6602","0.00003235884296261475","2803","Chemicals"
"Silicon & rare gases","231299","0.001133681917359865","2804","Chemicals"
"Rare-earth metals","2006","0.000009832147679946258","2805","Chemicals"
"Sulfiric acid, oleum","46797","0.00022936939929134843","2807","Chemicals"
"Sulfonitric acids","4432","0.000021722870646820443","2808","Chemicals"
"Phosphoric acid etc.","240190128","1.1772606230115625","2809","Chemicals"
"Oxides of boron; boric acids","84163","0.0004125139806517033","2810","Chemicals"
"Other inorganic acids","188532","0.0009240650380835632","2811","Chemicals"
"Halides of nonmetals","3907","0.00001914965153816053","2812","Chemicals"
"Sodium hydroxide","29898","0.00014654115221088393","2815","Chemicals"
"Chromium oxides and hydroxides","350189","0.0017164057646523927","2819","Chemicals"
"Iron oxides and hydroxides","68980","0.0003380964840292586","2821","Chemicals"
"Titanium oxides","398546","0.001953421300723759","2823","Chemicals"
"Metal base oxides, n.e.c.","11096","0.000054385598532743606","2825","Chemicals"
"Flourides","34536780","0.16927752809063523","2826","Chemicals"
"Chlorides, bromides, iodides etc.","288087","0.0014120209016314444","2827","Chemicals"
"Hyopchlorites","1453064","0.0071220039064872525","2828","Chemicals"
"Sodium chlorate","1336","0.00000654822996032313","2829","Chemicals"
"Sulfites","11940","0.000058522354585522585","2832","Chemicals"
"Sulfates","5714072","0.02800677954030203","2833","Chemicals"
"Nitrites, nitrates","33173","0.00016259313807919103","2834","Chemicals"
"Phosphates","96448688","0.4727306799367201","2835","Chemicals"
"Carbonates","16205106","0.0794272160324941","2836","Chemicals"
"Silicates","612","0.0000029996382752378414","2839","Chemicals"
"Salts of oxometallic acids","1611","0.000007896106636287847","2841","Chemicals"
"Compounds of precious metals","31382","0.00015381478489136263","2843","Chemicals"
"Uranium","101951","0.0004996995454228319","2844","Chemicals"
"Hydrogen peroxide","16388","0.00008032364714803551","2847","Chemicals"
"Inorganic compounds, liquid or compressed air","78955","0.000386987647093797","2851","Chemicals"
"Acyclic hydrocarbons","3384","0.00001658623516896218","2901","Chemicals"
"Cyclic hydrocarbons","117977","0.0005782488967283248","2902","Chemicals"
"Halogenated derivatives of hydrocarbons","41477","0.00020329411232359468","2903","Chemicals"
"Acyclic alcohols","107712","0.0005279363364418601","2905","Chemicals"
"Phenols, phenol-alcohols","1079","0.000005288577939512469","2907","Chemicals"
"Ethers","114025","0.0005588786835522792","2909","Chemicals"
"Acetals and hemiacetals","3569","0.000017492988569156624","2911","Chemicals"
"Aldehydes","168696","0.0008268414681037955","2912","Chemicals"
"Ketones and quinones","94871","0.000464997847728904","2914","Chemicals"
"Saturated acyclic monocarboxylic acids","361643","0.0017725460535487558","2915","Chemicals"
"Unsaturated acyclic monocarboxylic acids","57750","0.0002830541019525904","2916","Chemicals"
"Polycarboxylic acids","4711521","0.02309290641533802","2917","Chemicals"
"Carboxylic acids with additional oxygen function","128075","0.0006277429282697492","2918","Chemicals"
"Amine-function compounds","35407","0.0001735427980577553","2921","Chemicals"
"Oxygen-function amino-compounds","47692","0.00023375612520039725","2922","Chemicals"
"Quaternary ammonium salts and hydroxides","1028811","0.005042583094094311","2923","Chemicals"
"Carboxyimide-function compounds","1750","0.000008577397028866375","2925","Chemicals"
"Organix derivatives of hydrazine","64030","0.0003138347038618937","2928","Chemicals"
"Other organo-inorganic compounds","9702","0.00004755308912803519","2931","Chemicals"
"Heterocyclic compounds with oxygen hetero-atom(s) only","21861","0.00010714884368459877","2932","Chemicals"
"Heterocyclic compounds with nitrogen hetero-atom(s) only","433369","0.0021241016988587384","2933","Chemicals"
"Nucleic acids and their salts","1956","0.000009587079193407218","2934","Chemicals"
"Vitamins","143884","0.0007052286823436626","2936","Chemicals"
"Vegetable alkaloids","29962","0.00014685483987365391","2939","Chemicals"
"Other sugars, chemically pure","8013","0.00003927467565274644","2940","Chemicals"
"Other organic compounds","5066","0.00002483033905613546","2942","Chemicals"
"Serums and vaccines","2202334","0.01079445320466937","3002","Chemicals"
"Medicaments, not packaged","883413","0.0043299337379782464","3003","Chemicals"
"Medicaments, packaged","79959968","0.39191336682940026","3004","Chemicals"
"Wadding, gauze and bandages","3020276","0.01480348936500367","3005","Chemicals"
"Pharmaceutical goods","10805250","0.052960525283519085","3006","Chemicals"
"Nitrogenous fertilizers","41902892","0.20538156648097639","3102","Chemicals"
"Phosphatic fertilizers","102607208","0.502915863451128","3103","Chemicals"
"Potassic fertilizers","353389","0.0017320901477908912","3104","Chemicals"
"Mixed fertilizers","220819424","1.0823176407620483","3105","Chemicals"
"Coloring matter of animal or vegetable origin","100541","0.000492788614102431","3203","Chemicals"
"Synthetic organic coloring matter","846974","0.004151332726358326","3204","Chemicals"
"Other coloring matter","3086871","0.015129896082225015","3206","Chemicals"
"Prepared pigments","52377","0.0002567190423891052","3207","Chemicals"
"Paints and varnishes, nonaqueous","4653938","0.022810670842130468","3208","Chemicals"
"Paints and varnishes, aqueous","3873696","0.018986416320646606","3209","Chemicals"
"Other paints and varnishes","848677","0.004159679759009845","3210","Chemicals"
"Prepared driers","134971","0.0006615427739332134","3211","Chemicals"
"Pigments, nonaqueous","1510261","0.00740234755097872","3212","Chemicals"
"Artists' colors","5438066","0.026653972086388145","3213","Chemicals"
"Glaziers' putty","4858564","0.02381361852466122","3214","Chemicals"
"Ink","96943","0.00047515348581108176","3215","Chemicals"
"Essential oils","19452348","0.09534314967981417","3301","Chemicals"
"Mixtures of odoriferous subtances","3954047","0.019380246279884574","3302","Chemicals"
"Perfumes","4493173","0.022022702137361495","3303","Chemicals"
"Make-up preparations","5537655","0.027142094596506874","3304","Chemicals"
"Hair products","20585366","0.10089648980944395","3305","Chemicals"
"Dental hygiene products","211702","0.001037629774745754","3306","Chemicals"
"Toiletries","5755267","0.028208691466361544","3307","Chemicals"
"Soap","2605437","0.012770210047256298","3401","Chemicals"
"Cleaning products","11942602","0.058535107949562085","3402","Chemicals"
"Lubricants","651541","0.003193443335762644","3403","Chemicals"
"Artificial and prepared waxes","8722","0.000042749746791870016","3404","Chemicals"
"Polishes and creams","15743","0.0000771622636716819","3405","Chemicals"
"Candles","2655154","0.013013891446161528","3406","Chemicals"
"Casein","29817","0.00014614414126269072","3501","Chemicals"
"Dextrins and other modified starches","35467","0.00017383688024160212","3505","Chemicals"
"Glues and adhesives","4622302","0.02265561110932749","3506","Chemicals"
"Enzymes","290042","0.0014216030794551207","3507","Chemicals"
"Photographic plates","149853","0.0007344849582666932","3701","Chemicals"
"Photographic film in rolls","4109","0.00002013972822377825","3702","Chemicals"
"Photographic film, not developed","2789","0.000013669920179147611","3704","Chemicals"
"Activated carbon","7199","0.00003528496069189088","3802","Chemicals"
"Tall oil","144862","0.0007100222219403663","3803","Chemicals"
"Residual lyes","17178","0.00008419572923535234","3804","Chemicals"
"Rosin and resin acids","42138","0.00020653391771564077","3806","Chemicals"
"Wood tar and oils","1533","0.000007513799797286946","3807","Chemicals"
"Insecticides, rodenticides, fungicides, etc.","4683029","0.022953256588968615","3808","Chemicals"
"Finishing agents","535403","0.002624208057969225","3809","Chemicals"
"Pickling preparations for metal surfaces","275634","0.0013509841443740311","3810","Chemicals"
"Anti-knock","105324","0.0005162318655247555","3811","Chemicals"
"Stabilizers for rubber or plastic","28084","0.0001376500675192476","3812","Chemicals"
"Preparations for fire extinguishers","4630","0.00002269334185351504","3813","Chemicals"
"Organic composite solvents and thinners","1043357","0.005113878418198249","3814","Chemicals"
"Catalytic preparations","11364","0.00005569916562059286","3815","Chemicals"
"Refractory cements","20265","0.00009932625759427263","3816","Chemicals"
"Chemical elements for electronics","1553","0.000007611827191902561","3818","Chemicals"
"Hydraulic fluids","1795616","0.008800977910505672","3819","Chemicals"
"Antifreezing preparation","228070","0.0011178553944991738","3820","Chemicals"
"Prepared culture media for micro-organisms","358665","0.0017579497744904906","3821","Chemicals"
"Diagnostic or laboratory reagents","2312603","0.011334922343512839","3822","Chemicals"
"Industrial monocarboxylic fatty acids","6872990","0.03368706514595903","3823","Chemicals"
"Polymers of ethylene","1068608","0.0052376429052701946","3901","Chemicals"
"Polymers of propylene","1407797","0.006900133602883998","3902","Chemicals"
"Polymers of styrene","14738446","0.07223857310314716","3903","Chemicals"
"Polymers of vinyl chloride","3908906","0.019158993548867402","3904","Chemicals"
"Polymers of vinyl acetate","13629276","0.06680212083885703","3905","Chemicals"
"Acrylic polymers","3578040","0.017537296951522886","3906","Chemicals"
"Polyacetals","34603588","0.16960497879960926","3907","Chemicals"
"Polyamides","839969","0.004116998631394206","3908","Chemicals"
"Amino-resins","6563617","0.03217071368823819","3909","Chemicals"
"Silicones in primary forms","108189","0.0005302742898034425","3910","Chemicals"
"Petroleum resins","45181","0.0002214487858064067","3911","Chemicals"
"Cellulose n.e.c.","549499","0.0026932977656943112","3912","Chemicals"
"Natural polymers","36156","0.0001772139239861101","3913","Chemicals"
"Plastic waste","14377380","0.07046885513993306","3915","Chemicals"
"Monofilament","226356","0.0011094544467806157","3916","Chemicals"
"Plastic tubes and fittings","91886984","0.45037208203033846","3917","Chemicals"
"Plastic floor coverings","1941221","0.009514641850156009","3918","Chemicals"
"Self-adhesive plastic sheets","2201959","0.010792615191020328","3919","Chemicals"
"Other plates of plastics, noncellular and not reinforced","69485200","0.34057265601724906","3920","Chemicals"
"Other plastic plates, sheets etc.","20169156","0.09885649071379567","3921","Chemicals"
"Baths, sinks etc.","7098225","0.03479102515727145","3922","Chemicals"
"Packing lids","34743220","0.17028936685785762","3923","Chemicals"
"Plastic household articles","2995589","0.014682489250459884","3924","Chemicals"
"Plastic builders' ware","6742345","0.03304672569748118","3925","Chemicals"
"Other articles of plastic","345642912","1.6941237065357269","3926","Chemicals"
"Natural rubber","179577","0.0008801732721444212","4001","Chemicals"
"Synthetic rubber","64956","0.00031837337223259674","4002","Chemicals"
"Reclaimed rubber","8824","0.00004324968650440966","4003","Chemicals"
"Scrap of rubber","2086","0.000010224257258408719","4004","Chemicals"
"Compounded rubber","303655","0.0014883254256002395","4005","Chemicals"
"Unvulcanized rubber rods","3299","0.000016169618741845815","4006","Chemicals"
"Vulcanized rubber thread and cord","49342","0.00024184338525618556","4007","Chemicals"
"Vulcanized rubber plates","75946","0.0003722394255738776","4008","Chemicals"
"Vulcanized rubber tubes","5581342","0.027356220735935494","4009","Chemicals"
"Conveyor belts of vulcanized rubber","125830","0.0006167393532241463","4010","Chemicals"
"New pneumatic tires of rubber","4731231","0.02318951241273171","4011","Chemicals"
"Used pneumatic tires of rubber","50362","0.00024684278238158193","4012","Chemicals"
"Rubber inner tubes","3482","0.000017066569402578695","4013","Chemicals"
"Rubber hygenic or pharmeceutical items","399774","0.001959440182753158","4014","Chemicals"
"Vulcanized rubber articles of apparel","3215736","0.015761511092582083","4015","Chemicals"
"Other articles of vulcanized rubber","10371893","0.050836482401097116","4016","Chemicals"
"Hard rubber","697699","0.0034196807597960234","4017","Chemicals"
"Raw hides of bovines or equines","185623","0.0009098069535367219","4101","Agriculture"
"Raw skins of sheep or lambs","16887","0.00008276943064369514","4102","Agriculture"
"Other raw hides and skins","7839367","0.03842363612228178","4103","Agriculture"
"Tanned hides of bovines or equines","2984060","0.014625981358833712","4104","Agriculture"
"Tanned sheepskins","6754488","0.03310624303012205","4105","Agriculture"
"Tanned skins of other animals","345240","0.0016921488858547586","4106","Agriculture"
"Bovine leather further prepared","4950","0.000024261780167364892","4107","Agriculture"
"Chamois leather","159474","0.000781641036446535","4108","Agriculture"
"Patent leather","1986667","0.009737389498941073","4109","Agriculture"
"Waste of leather","63822","0.00031281521895789135","4110","Agriculture"
"Composition leather","4490","0.000022007150091205728","4111","Agriculture"
"Saddlery and harnesses","2623127","0.012856915277793812","4201","Agriculture"
"Trunks or cases","59104888","0.28969490898438854","4202","Agriculture"
"Leather apparel","18989580","0.09307495261224019","4203","Agriculture"
"Other articles of leather","33674952","0.1650533904182959","4205","Agriculture"
"Other raw furskins","4643","0.000022757059660015188","4301","Agriculture"
"Furskin apparel","71617","0.0003510213960093275","4303","Agriculture"
"Artificial fur","49799","0.00024408331122315237","4304","Agriculture"
"Fuel wood","321171","0.001574177817804596","4401","Agriculture"
"Wood charcoal","176121","0.0008632341383548428","4402","Agriculture"
"Wood in the rough","26634","0.00013054308140961546","4403","Agriculture"
"Strips and other pieces of wood","9425","0.000046195409712608906","4404","Agriculture"
"Wood sawn lengthwise","43590","0.00021365070656473447","4407","Agriculture"
"Sheets for veneering for plywood","156947","0.0007692552751368519","4408","Agriculture"
"Wood shaped along its edges","4268","0.000020919046010972394","4409","Agriculture"
"Particle board and similar board","2697683","0.013222341799441902","4410","Agriculture"
"Fiberboard of wood","5621818","0.02755460857715858","4411","Agriculture"
"Plywood","875617","0.0042917226595570795","4412","Agriculture"
"Densified wood","22022","0.00010793796421125447","4413","Agriculture"
"Wooden frames","60879","0.0002983904878402035","4414","Agriculture"
"Packing boxes","660155","0.00323566373462359","4415","Agriculture"
"Wooden tools","1073","0.0000052591697211277835","4417","Agriculture"
"Wood carpentry for construction","564881","0.0027686906348931813","4418","Agriculture"
"Wooden kitchenware","16076701","0.07879785565221319","4419","Agriculture"
"Wood marquetry, ornaments, etc.","721156","0.0035346521895709485","4420","Agriculture"
"Other articles of wood","1621676","0.007948433659533662","4421","Agriculture"
"Natural cork, raw","5005811","0.0245353305134095","4501","Agriculture"
"Natural cork, debacked","227981","0.0011174191725931344","4502","Agriculture"
"Articles of natural cork","3005015","0.014728689561542224","4503","Agriculture"
"Agglomerated cork","1724529","0.008452554240453658","4504","Agriculture"
"Products of plaiting materials","116106","0.0005690784339620339","4601","Agriculture"
"Basketwork","642768","0.003150443619114504","4602","Agriculture"
"Chemical woodpulp, dissolving grade","1762","0.000008636213465635745","4702","Agriculture"
"Paper waste","1163660","0.0057035279009203695","4707","Agriculture"
"Newsprint","209862","0.0010286112544411173","4801","Agriculture"
"Paper used for graphic purposes","30677","0.00015035931923116218","4802","Agriculture"
"Tissue","50131176","0.2457114286148442","4803","Agriculture"
"Uncoated kraft paper and paperboard","1559842","0.007645362363600562","4804","Agriculture"
"Other uncoated paper and paperboard","6676934","0.03272612220202108","4805","Agriculture"
"Transparent paper","246047","0.00120596731814942","4806","Agriculture"
"Uncoated composite paper","221467","0.0010854916501668284","4807","Agriculture"
"Corrugated paper and paperboard","1398634","0.006855222352040854","4808","Agriculture"
"Carbon paper","205413","0.0010068050605088735","4809","Agriculture"
"Paper and paperboard, coated with kaolin","1552809","0.007610891030283982","4810","Agriculture"
"Cellulose wadding, coated","4843750","0.023741009633469434","4811","Agriculture"
"Filter blocks of paper pulp","68367","0.00033509194438429","4812","Agriculture"
"Wallpaper","36309","0.00017796383355491956","4814","Agriculture"
"Other carbon paper","2409","0.000011807399681450914","4816","Agriculture"
"Letterstock","1029869","0.0050477687432694774","4817","Agriculture"
"Toilet paper","62718832","0.30740818471472536","4818","Agriculture"
"Cardboard packing containers","41583712","0.20381714729030576","4819","Agriculture"
"Notebooks","22167632","0.10865176048788755","4820","Agriculture"
"Paper labels","803816","0.003939799411517288","4821","Agriculture"
"Bobbins, spools, cops of paper","356400","0.001746848172050272","4822","Agriculture"
"Other paper cut to size","10605692","0.051982417742783935","4823","Agriculture"
"Books, brochures etc.","4898734","0.024010506546746684","4901","Agriculture"
"Newspapers, journals and periodicals","14509","0.00007111397342389843","4902","Agriculture"
"Children's books","361446","0.001771580483711792","4903","Agriculture"
"Unused stamps","684155","0.0033532966081623286","4907","Agriculture"
"Transfers (decalcomanias)","4124","0.00002021324876973996","4908","Agriculture"
"Printed or illustrated postcards","1149","0.000005631673820667123","4909","Agriculture"
"Calendars","26125","0.00012804828421664804","4910","Agriculture"
"Other printed matter","3559659","0.017447204874501403","4911","Agriculture"
"Raw silk","21392","0.00010485010128086258","5002","Textiles"
"Silk waste","5610","0.00002749668418968021","5003","Textiles"
"Silk yarn","1088088","0.005333121587625804","5004","Textiles"
"Silk yarn, for retail sale","111345","0.0005457430126737866","5006","Textiles"
"Woven silk fabrics","37136","0.00018201726632227527","5007","Textiles"
"Wool","5441594","0.02667126411879834","5101","Textiles"
"Wool or animal hair waste","15853","0.00007770141434206781","5103","Textiles"
"Wool, combed","117453","0.0005756805789893957","5105","Textiles"
"Yarn of carded wool, not for retail sale","37895","0.0001857374059479379","5106","Textiles"
"Yarn of combed wool, not for retail sale","8622","0.000042259609818791936","5107","Textiles"
"Woven fabrics of carded wool","2048","0.00001003800520863905","5111","Textiles"
"Woven fabrics of combed wool","7865","0.00003854927293259088","5112","Textiles"
"Woven fabrics of coarse animal hair","4215","0.000020659273415241013","5113","Textiles"
"Raw cotton","1486","0.0000072834354199402475","5201","Textiles"
"Cotton waste","408661","0.002002998655550607","5202","Textiles"
"Cotton, carded or combed","96108","0.0004710608420858798","5203","Textiles"
"Cotton sewing thread","92049","0.00045116618234864055","5204","Textiles"
"Cotton yarn of > 85%","166851","0.000817798440950505","5205","Textiles"
"Cotton yarn of < 85%","76527","0.00037508712138746125","5206","Textiles"
"Cotton yarn for retail sale","7171","0.00003514772233942902","5207","Textiles"
"Woven fabrics of cotton of > 85% weighing < 200 g/m2","4101598","0.020103448285031012","5208","Textiles"
"Woven fabrics of cotton of < 85% weighing > 200 g/m2","9037443","0.0442958495638567","5209","Textiles"
"Woven fabrics of cotton of < 85% weighing < 200 g/m2","658744","0.0032287479019334577","5210","Textiles"
"Woven fabrics of cotton of < 85% weighing > 200 g/m2","747030","0.0036614702299851707","5211","Textiles"
"Other woven cotton fabrics","125670","0.0006159551340672215","5212","Textiles"
"Flax, raw or processed","159603","0.0007822733131418059","5301","Textiles"
"Textile bast fibers","18921","0.00009273881667610325","5303","Textiles"
"Vegetable textile fibers","22868","0.00011208452300349501","5305","Textiles"
"Flax yarn","23216948","0.11379484616831151","5306","Textiles"
"Yarn of other vegetable textile fibers","209405","0.0010263713284741505","5308","Textiles"
"Woven fabrics of flax","4647494","0.02277908641558532","5309","Textiles"
"Woven fabrics of vegetable textile fibers","113629","0.00055693774113889","5311","Textiles"
"Synthetic sowing thread","264544","0.0012966279540596723","5401","Textiles"
"Synthetic filament yarn","1809938","0.008871175327789915","5402","Textiles"
"Artificial filament yarn","73737","0.0003614122998385828","5403","Textiles"
"Synthetic monofilament >67 dtex, thickness < 1mm","52224","0.00025596913282029577","5404","Textiles"
"Synthetic filament yarn for retail sale","125481","0.0006150287751881038","5406","Textiles"
"Woven fabrics of synthetic filament yarn","25345872","0.12422948982104426","5407","Textiles"
"Woven fabrics of artificial filament yarn","87855","0.00043060983769774595","5408","Textiles"
"Artificial filament tow","85032","0.0004167732709477518","5502","Textiles"
"Synthetic staple fibers","1660861","0.008140493832434306","5503","Textiles"
"Waste of man-made fibers","159558","0.0007820527515039206","5505","Textiles"
"Synthetic staple fibers sewing thread","1257494","0.0061634430282384535","5508","Textiles"
"Yarn of synthetic staple fibers, not for retail sale","2947241","0.014445517826716095","5509","Textiles"
"Yarn of artificial staple fibers, not for retail sale","11365228","0.055705184502622254","5510","Textiles"
"Yarn of synthetic staple fibers, for retail sale","13973","0.00006848683924819993","5511","Textiles"
"Woven fabrics of > 85% synthetic staple fibers","114993","0.0005636232094516749","5512","Textiles"
"Woven fabrics of < 85% synthetic staple fibers weighing < 170 g/m2","523482","0.0025657788294085877","5513","Textiles"
"Woven fabrics of < 85% synthetic staple fibers weighing > 170 g/m2","1000175","0.004902227470483672","5514","Textiles"
"Other woven fabrics of synthetic staple fibers","1133391","0.005555168340539366","5515","Textiles"
"Woven fabrics of artificial staple fibers","433040","0.0021224891482173117","5516","Textiles"
"Wadding of textile materials","186993","0.0009165218300678915","5601","Textiles"
"Felt","14082","0.00006902108854885503","5602","Textiles"
"Nonwoven textiles","1213764","0.005949106129911411","5603","Textiles"
"Rubber textiles","3247227","0.015915860126774102","5604","Textiles"
"Metallised yarn","22636","0.00011094740522595387","5605","Textiles"
"Gimp yarn","729","0.000003573098533739193","5606","Textiles"
"Twine and ropes of baste fibers","6363528","0.031190003520175997","5607","Textiles"
"Nets","8736855","0.042822556639220764","5608","Textiles"
"Articles of yarn, rope etc not elsewhere clasified","1192544","0.005845099064224242","5609","Textiles"
"Carpets, knotted","522277","0.0025598726788829966","5701","Textiles"
"Woven carpets and rugs","3886855","0.019050913444933953","5702","Textiles"
"Carpets, tufted","324295","0.0015894896968435548","5703","Textiles"
"Carpets of felt","8321","0.00004078429752982692","5704","Textiles"
"Other carpets","69013","0.0003382582292303744","5705","Textiles"
"Woven pile fabrics","773401","0.0037907242511555908","5801","Textiles"
"Terry cloth","124096","0.0006082403781109725","5802","Textiles"
"Lace and net fabrics","689686","0.0033804060841432773","5804","Textiles"
"Hand-woven tapestries","347189","0.0017017016554600505","5805","Textiles"
"Narrow woven fabrics","4313752","0.021143293478895077","5806","Textiles"
"Labels and badges of textiles","805781","0.003949430603038272","5807","Textiles"
"Braids in piece","4628247","0.02268474975237698","5808","Textiles"
"Embroidery in the piece","1137058","0.005573141663342139","5810","Textiles"
"Quilted textile products","256486","0.0012571327167690408","5811","Textiles"
"Stiffened textiles","1077","0.000005278775200050907","5901","Textiles"
"Tire cord fabric","5155","0.00002526656096217495","5902","Textiles"
"Textile fabrics impregnated with plastics","1984938","0.009728915030676553","5903","Textiles"
"Textile wall coverings","40588","0.00019893679463293056","5905","Textiles"
"Rubberized textile fabrics","67946","0.0003330284677276313","5906","Textiles"
"Other textile fabrics impregnated, coated or covered","158372","0.0007762397270032145","5907","Textiles"
"Textile wicks","2410","0.000011812301051181695","5908","Textiles"
"Textile hosepiping and similar tubing","13789","0.00006758498721773625","5909","Textiles"
"Transmission belts or belting, of textile material","9711","0.000047597201455612214","5910","Textiles"
"Textile articles for technical use","3358741","0.01646243147093239","5911","Textiles"
"Pile fabrics, knit","44098","0.00021614060238797113","6001","Textiles"
"Other knitted fabrics","3357660","0.016457133090253415","6002","Textiles"
"Men's overcoats, knit","4130262","0.02024394114699411","6101","Textiles"
"Women's overcoats, knit","7367697","0.03611180706136441","6102","Textiles"
"Men's suits, knit","23339094","0.11439352887544746","6103","Textiles"
"Women's suits, knit","73491800","0.36021048398059535","6104","Textiles"
"Men's shirts, knit","40311200","0.19758009549145045","6105","Textiles"
"Women's shirts, knit","12381395","0.06068579467784057","6106","Textiles"
"Men's undergarments, knit","17125796","0.08393985812992666","6107","Textiles"
"Women's undergarments, knit","89894968","0.44060847510470735","6108","Textiles"
"T-shirts, knit","191643504","0.9393156696063665","6109","Textiles"
"Sweaters, pullovers, sweatshirts etc., knit","167658112","0.8217543952766548","6110","Textiles"
"Babies' garments, knit","22649636","0.11101424030360281","6111","Textiles"
"Activewear, knit","82320896","0.40348514786515305","6112","Textiles"
"Garments knit with impregnated fibers","8143561","0.03991460338616691","6113","Textiles"
"Other garments, knit","22631072","0.11092325127592059","6114","Textiles"
"Socks, stockings, etc., knit","11679788","0.05724695936513666","6115","Textiles"
"Gloves, knit","4141153","0.020297321964732044","6116","Textiles"
"Other clothing accesories, knit","2098002","0.010283083497917551","6117","Textiles"
"Men's overcoats, not knit","63043384","0.3089989340635897","6201","Textiles"
"Womens overcoats, not knit","24427510","0.11972825811234496","6202","Textiles"
"Men's suits and pants","742029440","3.6369606365642175","6203","Textiles"
"Women's suits and pants","467625632","2.292006118022035","6204","Textiles"
"Men's shirts","59387564","0.2910804085744067","6205","Textiles"
"Women's shirts","61544308","0.3016514083330498","6206","Textiles"
"Men's undergarments","9183842","0.045013405191073275","6207","Textiles"
"Women's undergarments","15636627","0.07664089026930958","6208","Textiles"
"Babies' garments","11351600","0.05563838863593117","6209","Textiles"
"Garments made of textile felts and nonwoven fabric","69438288","0.34034272296043866","6210","Textiles"
"Activewear","357292480","1.7512225465075995","6211","Textiles"
"Brassieres","109802952","0.5381848652831756","6212","Textiles"
"Handkerchiefs","48464","0.00023753998263256","6213","Textiles"
"Shawls, scarves, etc.","33015956","0.16182340737119028","6214","Textiles"
"Ties, bow ties and cravats","107043","0.0005246573200919677","6215","Textiles"
"Gloves","1305341","0.006397958865747122","6216","Textiles"
"Other clothing accesories","5609529","0.027494375644537015","6217","Textiles"
"Blankets","819515","0.004016746014920816","6301","Textiles"
"House linen","45841744","0.2246873364478017","6302","Textiles"
"Curtains","42465064","0.20813697930526887","6303","Textiles"
"Other furnishing articles","32792420","0.16072777478705047","6304","Textiles"
"Bags for packing goods","17052556","0.08358088181084428","6305","Textiles"
"Tents, tarpaulins, etc.","17316000","0.0848721182582001","6306","Textiles"
"Other made up articles","146665936","0.718863979247032","6307","Textiles"
"Needlecraft sets of woven fabric and yarn","1056916","0.0051803360903779055","6308","Textiles"
"Used clothes and textiles","15272890","0.07485808074754456","6309","Textiles"
"Used or new rags textile scraps","9411405","0.04612877559111894","6310","Textiles"
"Waterproof footwear","40793","0.0001999415754277406","6401","Textiles"
"Other footwear of rubber or plastics","119209456","0.5842896192612439","6402","Textiles"
"Leather footwear","293273216","1.4374404637511353","6403","Textiles"
"Textile footwear","24427326","0.1197273562603145","6404","Textiles"
"Other footwear","7976032","0.03909348181653893","6405","Textiles"
"Parts of footwear","155293488","0.7611508014705692","6406","Textiles"
"Hat forms","3113","0.000015257963971920587","6501","Textiles"
"Hats","179257","0.0008786048338305713","6504","Textiles"
"Hats, knit","6282676","0.030793717974702903","6505","Textiles"
"Other headgear","5681348","0.027846387117231957","6506","Textiles"
"Headbands","220565","0.001081070614669664","6507","Textiles"
"Umbrellas","338381","0.0016585303908713332","6601","Textiles"
"Walking sticks","42869","0.00021011681898884153","6602","Textiles"
"Parts of umbrellas or walking sticks","2539703","0.012448023409373154","6603","Textiles"
"Artificial flowers","27662","0.00013558168949285811","6702","Textiles"
"Human animal hair prepared for use in wigs","3390868","0.016619897776273183","6703","Textiles"
"Flagstones, of natural stone","1555224","0.007622727838183817","6801","Stone"
"Worked building stone","4022736","0.019716916465322178","6802","Stone"
"Grindstones","274483","0.0013453426678139025","6804","Stone"
"Natural or artificial abrasive powder","311087","0.0015247524054394024","6805","Stone"
"Mineral wools and insulating materials","346377","0.0016977217432386563","6806","Stone"
"Asphalt","1234398","0.006050240992936341","6807","Stone"
"Panels of vegetable fibers","22390","0.0001097416682721818","6808","Stone"
"Plaster articles","1142532","0.005599971761248433","6809","Stone"
"Articles of cement, of concrete or of artificial stone","3864847","0.01894304409989893","6810","Stone"
"Asbestos-cement or cellulose fiber-cement","1790159","0.0087742311358848","6811","Stone"
"Asbestos fibres","15799","0.00007743674037660564","6812","Stone"
"Articles of stone or of other mineral substances","8930655","0.04377244209304608","6815","Stone"
"Bricks, blocks, and other ceramic goods","60715","0.00029758666320435544","6901","Stone"
"Bricks, tiles and similar refractory ceramic constructional goods","172791","0.0008469125771513428","6902","Stone"
"Other refractory ceramic goods","5422242","0.026576412811768275","6903","Stone"
"Ceramic building bricks","80780","0.0003959326468524719","6904","Stone"
"Architectural ceramic ornaments","345299","0.0016924380666688745","6905","Stone"
"Unglazed ceramic flags and pavers","25458012","0.12477912942265403","6907","Stone"
"Ceramic wares for technical ware","28889","0.00014159567015252614","6909","Stone"
"Ceramic sinks, washbasins, and similar sanitary fixtures","16398906","0.08037710148631942","6910","Stone"
"Porcelain or china household articles","5427370","0.026601547035747717","6911","Stone"
"Ceramic household articles","2897436","0.014201405107274558","6912","Stone"
"Ornamental ceramic articles","1879414","0.00921170289120564","6913","Stone"
"Other ceramic articles","4478253","0.021949573700978248","6914","Stone"
"Glass, cast or rolled","2921","0.000014316900983610676","7003","Stone"
"Drawn and blown glass","6197","0.00003037378822164853","7004","Stone"
"Float glass","91579","0.0004488625385751736","7005","Stone"
"Worked glass","944600","0.00462983384769553","7006","Stone"
"Safety glass","150746","0.0007388618814362804","7007","Stone"
"Multiple-walled insulating glass","668611","0.0032771097170670722","7008","Stone"
"Glass mirrors","127311","0.0006239982817954326","7009","Stone"
"Glass containers for conveyance","25031146","0.12268690133115455","7010","Stone"
"Glass envelopes","1008","0.000004940580688627032","7011","Stone"
"Glassware for interior decorative use","156593","0.0007675201902521556","7013","Stone"
"Clock or watch glasses and similar glasses","27161","0.00013312610325773693","7015","Stone"
"Glass paving blocks or other molded products","5949199","0.02915922390099132","7016","Stone"
"Laboratory, hygienic or pharmaceutical glassware","7653","0.00003751018254966536","7017","Stone"
"Glass beads","592827","0.002905664313389581","7018","Stone"
"Glass fibers","26456214","0.12967168649065886","7019","Stone"
"Other articles of glass","2361337","0.01157378569597271","7020","Stone"
"Precious stones","69368","0.0003399982154848016","7103","Stone"
"Silver","30127","0.00014766356587923274","7106","Stone"
"Gold","6531277","0.03201220339114474","7108","Stone"
"Gold clad metals","136544","0.0006692526285197317","7109","Stone"
"Scrap of precious metal","4662711","0.02285367055877861","7112","Stone"
"Jewelry of precious metal","1605469","0.007868997160306897","7113","Stone"
"Goldsmith and silversmith wares","95424","0.0004677083051900257","7114","Stone"
"Articles of precious stones","174264","0.000854132294764783","7116","Stone"
"Imitation jewelry","3006343","0.0147351985805447","7117","Stone"
"Ferroalloys","25993","0.00012740130341218497","7202","Metals"
"Ferrous waste and scrap","43229212","0.21188235118230556","7204","Metals"
"Powders of iron or steel","100917","0.0004946315291212047","7205","Metals"
"Iron and nonalloy steel","2068043","0.010136243362153088","7206","Metals"
"Flat-rolled iron, width > 600mm, hot-rolled, not clad","8945523","0.04384531565820333","7208","Metals"
"Flat-rolled iron, width > 600mm, cold-rolled, not clad","60719476","0.29760860173527043","7209","Metals"
"Flat rolled iron, width > 600mm, clad","118234296","0.5795099995545757","7210","Metals"
"Flat-rolled iron, width < 600mm, not clad","2031424","0.009956760103981627","7211","Metals"
"Flat-rolled iron, width < 600mm, clad","828300","0.004059804548005725","7212","Metals"
"Hot rolled bars of iron","47561800","0.2331179668614496","7213","Metals"
"Other bars of iron, not further worked than forged","10008980","0.04905771160799027","7214","Metals"
"Other bars and rods of iron or nonalloy steel","74922","0.00036722042296955806","7215","Metals"
"Angles of iron or nonalloy steel","3699535","0.018132788866964095","7216","Metals"
"Wire of iron or nonalloy steel","16642745","0.08157224658010329","7217","Metals"
"Stainless steel in ingots","84318","0.0004132736929599743","7218","Metals"
"Flat-rolled products of stainless steel of a width > 600 mm","144700","0.0007092282000439798","7219","Metals"
"Flat-rolled products of stainless steel of a width < 600 mm","246011","0.001205790868839112","7220","Metals"
"Bars of stainless steel, hot-rolled","106724","0.0005230937831478486","7221","Metals"
"Other bars and rods of stainless steel","674140","0.003304209390308559","7222","Metals"
"Wire of stainless steel","89111","0.0004367659580796066","7223","Metals"
"Flat-rolled products of other alloy steel, width > 600 mm","9799","0.00004802852199192092","7225","Metals"
"Flat-rolled products of other alloy steel, width < 600 mm","1086452","0.005325102946746247","7226","Metals"
"Bars of other alloy steel","2750","0.000013478766759647161","7227","Metals"
"Other bars and rods of other alloy steel","6782","0.00003324108951415529","7228","Metals"
"Wire of other alloy steel","4917","0.000024100034966249124","7229","Metals"
"Sheet piling of iron or steel","2231","0.000010934955869371935","7301","Metals"
"Railway construction material of iron or steel","23062","0.0001130353887312665","7302","Metals"
"Tubes of cast iron","11515","0.00005643927244994075","7303","Metals"
"Tubes, seamless, of iron or steel","4702060","0.023046534556315102","7304","Metals"
"Other tubes and pipes, diameter > 406.4 mm, of iron or steel","235830","0.0011558900236100327","7305","Metals"
"Other tubes, pipes and hollow profiles of iron or steel","9574083","0.0469261206161829","7306","Metals"
"Tube or pipe fittings of iron or steel","9249024","0.04533288627286503","7307","Metals"
"Structures and their parts, of iron or steel","93506600","0.4583104188682266","7308","Metals"
"Tanks etc. > 300 liters, iron or steel","3192115","0.01564573583817131","7309","Metals"
"Tanks etc. < 300 liters, iron or steel","9115662","0.04467922980282864","7310","Metals"
"Containers for compressed or liquified gas","12358009","0.06057117124531654","7311","Metals"
"Wire of iron or steel, not insulated","11676546","0.057231069124469465","7312","Metals"
"Barbed wire of iron or steel","5010","0.00002455586235121174","7313","Metals"
"Cloth of iron or steel wire","1372354","0.006726414355515935","7314","Metals"
"Chain of iron or steel","57678","0.0002827012033319742","7315","Metals"
"Anchors of iron or steel","440310","0.002158122106160088","7316","Metals"
"Nails and similar articles of iron or steel","24593","0.00012053938578909188","7317","Metals"
"Screws and similar articles of iron or steel","2361796","0.011576035424679137","7318","Metals"
"Articles for sewing of iron or steel","9894","0.000048494152116345094","7319","Metals"
"Springs of iron or steel","47028808","0.2305055760059013","7320","Metals"
"Stoves and similar non-electric appliances of iron or steel","874398","0.0042857478898552575","7321","Metals"
"Radiators for central heating of iron or steel","3848","0.000018860470724044466","7322","Metals"
"Household articles of iron or steel","686397","0.003364285479098739","7323","Metals"
"Sanitary ware and parts of iron or steel","642674","0.003149982890359811","7324","Metals"
"Other cast articles of iron or steel","18810834","0.09219885237834206","7325","Metals"
"Other articles of iron or steel","75316496","0.36915399372287216","7326","Metals"
"Unrefined copper","1664974","0.008160653166137009","7402","Metals"
"Refined copper and copper alloys","14009650","0.06866647444883303","7403","Metals"
"Copper waste and scrap","126563576","0.6203348804257736","7404","Metals"
"Copper powders and flakes","3400970","0.01666941141329353","7406","Metals"
"Copper bars, rods and profiles","163712","0.000802413041365584","7407","Metals"
"Copper wire","210013","0.0010293513612704653","7408","Metals"
"Copper plates, sheets and strip > 0.15 mm","20673","0.0001013260164444312","7409","Metals"
"Copper foil < 0.15 mm thick","952","0.000004666103983703308","7410","Metals"
"Copper tubes and pipes","1895200","0.009289075913775745","7411","Metals"
"Copper tube or pipe fittings","3295519","0.016152557073812964","7412","Metals"
"Copper wire, uninsulated","3495590","0.01713317901722001","7413","Metals"
"Screws and similar articles of copper","1330127","0.006519444215894254","7415","Metals"
"Household articles of copper","77411","0.00037941993222947144","7418","Metals"
"Other articles of copper","1197206","0.005867949249909142","7419","Metals"
"Nickel waste and scrap","1096948","0.005376547723440522","7503","Metals"
"Nickel bars, wire etc.","24051","0.00011788284339500869","7505","Metals"
"Nickel plates","23001","0.00011273640517768886","7506","Metals"
"Nickel tubes and pipes","2146","0.000010518339442255567","7507","Metals"
"Other articles of nickel","222081","0.0010885010911815278","7508","Metals"
"Unwrought aluminum","11332374","0.05554415490148718","7601","Metals"
"Waste or scrap, aluminium","24327858","0.11923982681593319","7602","Metals"
"Aluminum bars","15836030","0.07761823809773645","7604","Metals"
"Aluminum wire","236597","0.0011596493741935416","7605","Metals"
"Aluminum plates > 0.2 mm","221431","0.0010853152008565203","7606","Metals"
"Aluminum foil < 0.2 mm","3171614","0.015545252857320573","7607","Metals"
"Aluminum tubes and pipes","460971","0.0022593893061677497","7608","Metals"
"Aluminum tube or pipe fittings","1547409","0.007584423633737764","7609","Metals"
"Aluminum structures (bridges, towers etc)","5880405","0.02882203907173199","7610","Metals"
"Aluminum containers, >300 liters","11408","0.00005591482588874721","7611","Metals"
"Aluminum containers, <300 liters","10205127","0.05001910057657372","7612","Metals"
"Aluminum containers for compressed or liquefied gas","27551","0.00013503763745274146","7613","Metals"
"Aluminum wire, not insulated","301916","0.001479801943638412","7614","Metals"
"Household articles of aluminum","4647127","0.022777287612894125","7615","Metals"
"Other articles of aluminum","43625760","0.21382597954630717","7616","Metals"
"Lead refined unwrought","2589208","0.012690665717895457","7801","Metals"
"Other articles of lead","476563","0.0023358114630100835","7806","Metals"
"Unwrought zinc","790085","0.0038724987037439375","7901","Metals"
"Zinc waste and scrap","694205","0.0034025553739566753","7902","Metals"
"Zinx bars and wire","6615","0.0000324225607691149","7904","Metals"
"Other articles of zinc","7500594","0.03676318439447598","7907","Metals"
"Unwrought tin","1575716","0.007723166706706978","8001","Metals"
"Tin waste and scrap","518079","0.002539296728753179","8002","Metals"
"Tin bars and wire","54397","0.0002666198092452824","8003","Metals"
"Tungsten (wolfram)","84511","0.000414219657318015","8101","Metals"
"Magnesium","150377","0.0007370532760056223","8104","Metals"
"Cobalt","1143091","0.00560271162692794","8105","Metals"
"Titanium","66349","0.00032520098026757435","8108","Metals"
"Cermets","71643","0.0003511488316223278","8113","Metals"
"Handtools for gardening","34881","0.0001709646775793646","8201","Metals"
"Handsaws","153404","0.0007518897221806957","8202","Metals"
"Pliers, pincers and other metal handtools","221623","0.0010862562638448302","8203","Metals"
"Wrenches","220757","0.0010820116776579741","8204","Metals"
"Hand tools n.e.c.","1059711","0.0051940354187754376","8205","Metals"
"Retail tool sets","4356","0.000021350366547281104","8206","Metals"
"Interchangeable tools for hand tools","2435918","0.01193933475186407","8207","Metals"
"Knives and blades for machines","411329","0.00201607550999233","8208","Metals"
"Articles for utensils, of cermet","11698","0.00005733622311067363","8209","Metals"
"Hand-operated appliances, food preparation, <10kg","5192","0.000025447911642213842","8210","Metals"
"Knife sets","418426","0.0020508605309716814","8211","Metals"
"Razors","96794","0.0004744231817211954","8212","Metals"
"Scissors","2745","0.000013454259910993258","8213","Metals"
"Other cutlery","92197","0.00045189158506879615","8214","Metals"
"Cutlery","25965","0.0001272640650597231","8215","Metals"
"Padlocks and locks","7827513","0.0383655352854931","8301","Metals"
"Base metal mountings, fittings and similar articles","15528576","0.07611129236852898","8302","Metals"
"Safes","6582","0.000032260815567999134","8303","Metals"
"Paper trays and similar office equipment, of base metal","38933","0.00019082502772848833","8304","Metals"
"Paper clips and similar office articles, of metal","8008","0.000039250168804092536","8305","Metals"
"Ornaments, statuettes, etc. of metal","381675","0.0018707302919957567","8306","Metals"
"Flexible tubing of base metal","12993822","0.06368752583795345","8307","Metals"
"Clasps, buckles etc. of metal","3929363","0.01925926086944998","8308","Metals"
"Stoppers, caps and lids of metal","3193199","0.015651048922959473","8309","Metals"
"Sign plates and similar plates of base metal","93741","0.0004594592999331217","8310","Metals"
"Wire etc. used for welding","100545","0.0004928082195813541","8311","Metals"
"Steam boilers","5518781","0.027049586144208118","8402","Machinery"
"Central heating boilers","20661466","0.10126948404595637","8403","Machinery"
"Auxiliary parts for use with boilers","2606100","0.012773459655387806","8404","Machinery"
"Water gas generators","1351653","0.006624951100719041","8405","Machinery"
"Steam turbines","1635644","0.008016895991933209","8406","Machinery"
"Spark-ignition reciprocating internal combustion piston engines","9031245","0.04426547087426532","8407","Machinery"
"Compression-ignition internal combustion piston engines","1514001","0.00742067867377184","8408","Machinery"
"Parts suitable for use with spark-ignition engines","100173056","0.49098518451820866","8409","Machinery"
"Gas turbines","27681874","0.13567909931488764","8411","Machinery"
"Other engines and motors","3443564","0.016878180355606405","8412","Machinery"
"Pumps for liquids","16513036","0.08093649481369343","8413","Machinery"
"Pumps, compressors, fans, etc.","9108073","0.044642033307941746","8414","Machinery"
"Air conditioners","17575762","0.08614530786220717","8415","Machinery"
"Furnace burners","1089022","0.005337699466954353","8416","Machinery"
"Industrial furnaces","1024441","0.005021164108370799","8417","Machinery"
"Refrigerators, freezers","6882389","0.03373313312005864","8418","Machinery"
"Equipment for temperature change of materials","14934719","0.0732005796443167","8419","Machinery"
"Calendering or other rolling machines, other than for metals or glass","1086612","0.005325887165903171","8420","Machinery"
"Centrifuges","180682752","0.8855929715269715","8421","Machinery"
"Dish washing machines","1815040","0.008896182116156358","8422","Machinery"
"Weighing machinery","3309762","0.016222367282888474","8423","Machinery"
"Sprays and powder dispersers","565631","0.0027723666621912667","8424","Machinery"
"Pulleys and winches","1922914","0.009424912474494604","8425","Machinery"
"Ships' derricks; cranes","842607","0.004129928444744006","8426","Machinery"
"Fork-lift trucks","939013","0.004602449895009658","8427","Machinery"
"Other lifting machinery","2790313","0.013676355677604127","8428","Machinery"
"Self-propelled bulldozers, excavators and road rollers","5406847","0.026500956224762902","8429","Machinery"
"Other moving, excavating or boring machinery","4153958","0.020360084004134693","8430","Machinery"
"Parts for use with hoists and excavation machinery","21265898","0.10423202875507165","8431","Machinery"
"Machinery for soil preparation or cultivation","173832","0.0008520149030410857","8432","Machinery"
"Harvesting or agricultural machinery","131468","0.0006443732757662883","8433","Machinery"
"Dairy machinery","39216","0.00019221211536229928","8434","Machinery"
"Machines for wine and juice production","1899","0.000009307701118752713","8435","Machinery"
"Other agricultural machinery","3683283","0.018053131806099444","8436","Machinery"
"Machinery for processing grain","488683","0.002395216064147147","8437","Machinery"
"Machinery for the industrial preparation of food or drink","4061045","0.019904683038338658","8438","Machinery"
"Machinery for making paper","267178","0.0013095381619305487","8439","Machinery"
"Bookbinding machinery","52019","0.0002549643520254857","8440","Machinery"
"Other machinery for making paper","396799","0.0019448586078040853","8441","Machinery"
"Machinery for making printing components","165360","0.0008104904986819108","8442","Machinery"
"Printers and copiers","1725117","0.008455436245855357","8443","Machinery"
"Machines for preparing textile fibers","44136","0.00021632685443774078","8445","Machinery"
"Looms","73418","0.0003598487628944637","8446","Machinery"
"Knitting machines","124215","0.0006088236411089353","8447","Machinery"
"Auxiliary machinery for use with knitting and textile machines","13400393","0.06568028063076672","8448","Machinery"
"Machinery to manufacture felt","2969","0.000014552166730688152","8449","Machinery"
"Household- or laundry-type washing machines","4260853","0.020884015921506505","8450","Machinery"
"Machinery for processing fabrics","575577","0.0028211156855336124","8451","Machinery"
"Sewing machines","395752","0.0019397268736959577","8452","Machinery"
"Machinery for preparing leather","173719","0.0008514610482615074","8453","Machinery"
"Machines used in metallurgy","676207","0.003314340521542083","8454","Machinery"
"Metal-rolling mills","2828139","0.013861754889040642","8455","Machinery"
"Machines for working materials by laser and similar means","220004","0.001078320946250696","8456","Machinery"
"Machining centers for working metal","1266","0.0000062051340791684754","8457","Machinery"
"Lathes for removing metal","252753","0.001238835903564036","8458","Machinery"
"Machine tools for drilling by removing metal","275483","0.0013502440375446833","8459","Machinery"
"Machines with grinding stones for finishing metal","88324","0.0004329085801014822","8460","Machinery"
"Other machine tools for planing and cutting metals","131944","0.00064670632775814","8461","Machinery"
"Machine tools for molding and forging metals","653283","0.0032019815218336644","8462","Machinery"
"Other machine tools for working metal, without removal","143447","0.0007030867837713114","8463","Machinery"
"Machine tools for working stone","143150","0.0007016310769612695","8464","Machinery"
"Machine tools for working wood","441741","0.0021651359662448353","8465","Machinery"
"Parts and accessories for metal working machines","1841711","0.009026906548246012","8466","Machinery"
"Tools for hand working, pneumatic, hydraulic motors","487815","0.0023909616752208294","8467","Machinery"
"Machinery for soldering","478039","0.002343045884732716","8468","Machinery"
"Cash registers, calculators, etc.","2625608","0.012869075576095877","8470","Machinery"
"Computers","8325973","0.040808672041498094","8471","Machinery"
"Other office machines","641776","0.0031455814603415697","8472","Machinery"
"Parts and accessories for office machines","13413854","0.06574625796871277","8473","Machinery"
"Machinery for working minerals","7083930","0.03472096007696993","8474","Machinery"
"Machines for assembling electric lamps","127497","0.0006249099365653579","8475","Machinery"
"Automatic goods-vending machines","240928","0.0011808772064975533","8476","Machinery"
"Machinery for working rubber or plastics","2730520","0.013383288077291553","8477","Machinery"
"Machinery for preparing tobacco","17948","0.00008796978392805356","8478","Machinery"
"Machines n.e.c.","22358188","0.1095857458983062","8479","Machinery"
"Molding boxes for metal foundry","6120267","0.02999769141809653","8480","Machinery"
"Appliances for thermostatically controlled valves","73402680","0.3597736739101882","8481","Machinery"
"Ball or roller bearings","416863","0.002043199690082471","8482","Machinery"
"Transmission shafts","17430988","0.08543571696080311","8483","Machinery"
"Gaskets and similar joints of metal sheeting","186739","0.0009152768821562732","8484","Machinery"
"Machinery parts, not containing electrical features, n.e.c.","16936344","0.08301128383169078","8485","Machinery"
"Electric motors and generators","238440480","1.1686849512648414","8501","Electronics"
"Electric generating sets and rotary converters","4238962","0.020776720036729982","8502","Electronics"
"Parts for use with electric generators","59334136","0.29081853819243053","8503","Electronics"
"Electrical transformers","166186160","0.8145398142986926","8504","Electronics"
"Electromagnets","4814253","0.02359643393052059","8505","Electronics"
"Primary cells and primary batteries","1152680","0.005649710861276396","8506","Electronics"
"Batteries","32173016","0.1576918467703259","8507","Electronics"
"Vacuum cleaners","38888","0.0001906044660906032","8508","Electronics"
"Electromechanical domestic appliances","4069451","0.0199458839522956","8509","Electronics"
"Electric shavers and hair clippers","476502","0.0023355124794565063","8510","Electronics"
"Electrical ignition equipment","24378816","0.11948959081467432","8511","Electronics"
"Electrical lighting equipment used for motor vehicles","41926868","0.20549908172164155","8512","Electronics"
"Portable electric lamps","22040","0.00010802618886640854","8513","Electronics"
"Industrial electric furnaces","387332","0.0018984573405627834","8514","Electronics"
"Electric soldering machines","1626434","0.007971754376712718","8515","Electronics"
"Electric heaters","28487540","0.13962796626040685","8516","Electronics"
"Telephones","14024758","0.06874052434272568","8517","Electronics"
"Microphones","1729870","0.008478732456185759","8518","Electronics"
"Sound reproducing apparatus","274554","0.0013456906650647878","8519","Electronics"
"Magnetic tape recorders","794212","0.0038927266566228694","8520","Electronics"
"Video recording apparatus","416755","0.0020426703421515466","8521","Electronics"
"Sound storage media","2635699","0.012918535298049188","8523","Electronics"
"Tapes, cassettes, records and compact disks","57202","0.00028036815134012253","8524","Electronics"
"Transmission apparatus for radio, telephone and TV","311104192","1.524836669787814","8525","Electronics"
"Radar","57854976","0.28356862814144884","8526","Electronics"
"Reception apparatus for radio broadcasting","19438","0.00009527282482691691","8527","Electronics"
"Monitors and projectors","240478304","1.1786730801351","8528","Electronics"
"Parts of radios, telephones, and T.V.s","13493907","0.06613862731977097","8529","Electronics"
"Electric signal and traffic controls","101814","0.0004990280577697149","8530","Electronics"
"Electric sound or visual signaling apparatus","14456073","0.0708545586281574","8531","Electronics"
"Electrical capacitors","313463","0.0015363980599197374","8532","Electronics"
"Electrical resistors","9696010","0.04752372992334781","8533","Electronics"
"Electronic printed circuits","59633596","0.2922863023720102","8534","Electronics"
"Electrical apparatus for > 1k volts","8180690","0.040096586342901065","8535","Electronics"
"Electrical apparatus for < 1k volts","487575840","2.3897894636360153","8536","Electronics"
"Electrical boards","191465520","0.9384433042162031","8537","Electronics"
"Parts for electrical apparatus","187471408","0.918866684558055","8538","Electronics"
"Electrical filament","1686202","0.008264699442782023","8539","Electronics"
"Thermionic, cold cathode or photocathode tubes","26912","0.00013190566219477252","8540","Electronics"
"Semiconductor devices","11262043","0.05519943666695164","8541","Electronics"
"Electronic integrated circuits","98936400","0.48492387623242017","8542","Electronics"
"Electrical machines with individual functions n.e.c.","50461540","0.24733066472458387","8543","Electronics"
"Insulated electrical wire","2113516288","10.359124759515366","8544","Electronics"
"Carbon articles for eletrical purposes","1630526","0.007991810781651072","8545","Electronics"
"Electrical insulators of any material","2552648","0.012511471640538112","8546","Electronics"
"Insulating fittings for electrical machines","5472319","0.026821858703776583","8547","Electronics"
"Waste and scrap of batteries","38866996","0.1905015177207779","8548","Electronics"
"Railway cars, not self-propelled","222696","0.001091515433565958","8606","Vehicles"
"Parts of railway locomotives","828795","0.004062230726022461","8607","Vehicles"
"Containers for multimodal transportation","848826","0.004160410063099731","8609","Vehicles"
"Tractors","1081803","0.005302316478867847","8701","Vehicles"
"Buses","504904","0.002474721182550142","8702","Vehicles"
"Cars","6785431","0.0332579061137016","8703","Vehicles"
"Motor vehicles for transporting goods","6260835","0.030686667158412922","8704","Vehicles"
"Special purpose motor vehicles","4885649","0.023946372123819417","8705","Vehicles"
"Vehicle Bodies","803864","0.0039400346772643655","8707","Vehicles"
"Parts of motor vehicles","427878432","2.0971903950587447","8708","Vehicles"
"Work trucks","40543","0.00019871623299504542","8709","Vehicles"
"Tanks and other armored fighting vehicles","116092","0.000569009814785803","8710","Vehicles"
"Motorcycles","929085","0.004553789096322466","8711","Vehicles"
"Bicycles","48017668","0.23535234447788117","8712","Vehicles"
"Wheelchairs","40127","0.00019667726318704058","8713","Vehicles"
"Parts of motorcycles or wheelchairs","15801661","0.07744978292145925","8714","Vehicles"
"Baby carriages","522835","0.002562607643192772","8715","Vehicles"
"Trailers and semi-trailers","26527934","0.13002321272775047","8716","Vehicles"
"Other aircraft and spacecraft","8084843","0.039626804758314926","8802","Vehicles"
"Parts of other aircraft","175889824","0.8621010593059598","8803","Vehicles"
"Parachutes","88580","0.000434163330752562","8804","Vehicles"
"Cargo ships and similar vessels","9930377","0.04867244924304171","8901","Vehicles"
"Fishing vessels","121686","0.0005964280770597907","8902","Vehicles"
"Pleasure or sport boats","87845248","0.4305620395401314","8903","Vehicles"
"Other vessels","15853076","0.07770178684616734","8906","Vehicles"
"Other floating structures","9540808","0.04676302753839117","8907","Vehicles"
"Floating structures for scrapping","6809","0.00003337342649688637","8908","Vehicles"
"Optical fibers","6103337","0.02991471122855441","9001","Machinery"
"Lenses and other optical elements","35673","0.000174846562406143","9002","Machinery"
"Frames for spectacles, goggles","540190","0.0026476709148704728","9003","Machinery"
"Glasses","248887","0.0012198872081848374","9004","Machinery"
"Binoculars and telescopes","177063","0.0008678512286412383","9005","Machinery"
"Photographic cameras","52652","0.00025806691906506997","9006","Machinery"
"Cinematographic cameras and projectors","966","0.00000473472315993424","9007","Machinery"
"Still image projectors","1101","0.0000053964080735896455","9008","Machinery"
"Electrostatic photo-copyers","98220","0.00048141253495728877","9009","Machinery"
"Apparatus and equipment for photographic laboratories, n.e.c.","6638099","0.0325357775085262","9010","Machinery"
"Optical microscopes","39979","0.00019595186046688504","9011","Machinery"
"Microscopes, other than optical","5950","0.000029163149898145676","9012","Machinery"
"Liquid crystal devices","2280089","0.011175559208086232","9013","Machinery"
"Navigational instruments","1475266","0.007230824117250047","9014","Machinery"
"Surveying instruments","18783776","0.09206623111616659","9015","Machinery"
"Balances of a sensitivity < 50 milligram","7358","0.00003606427847908502","9016","Machinery"
"Drafting tables and machines","402399","0.0019723062782964576","9017","Machinery"
"Medical instruments","182503376","0.8945165228917047","9018","Machinery"
"Therapy applicances","2232150","0.01094059244456233","9019","Machinery"
"Other breathing appliances and gas masks","97699","0.00047885892132755204","9020","Machinery"
"Orthopedic appliances","42621852","0.20890545526261853","9021","Machinery"
"X-ray machines","2769480","0.01357424544200277","9022","Machinery"
"Instruments designed for demonstrational purposes","67715","0.00033189625131982095","9023","Machinery"
"Machines for testing the mechanical properties of materials","125925","0.0006172049833485705","9024","Machinery"
"Thermometers, hydrometers etc.","12650417","0.06200437096555468","9025","Machinery"
"Instruments for measuring properties of liquids or gases","33708856","0.1652195664576483","9026","Machinery"
"Instruments for physical or chemical analysis","9476889","0.04644973688656939","9027","Machinery"
"Gas, liquid or electricity meters","233960592","1.1467273638243534","9028","Machinery"
"Meters","23347934","0.11443685698386756","9029","Machinery"
"Instruments for measuring electricity","19494692","0.09555069327969434","9030","Machinery"
"Measuring instruments","10619017","0.05204772849444659","9031","Machinery"
"Automatic regulating instruments","124835896","0.6118668819692982","9032","Machinery"
"Other parts for machines and appliances","1140165","0.005588370219095674","9033","Machinery"
"Watches with precious metal","23707","0.00011619677220762011","9101","Machinery"
"Watches","225239","0.0011039796167913334","9102","Machinery"
"Instrument panel clocks for vehicles","3391805","0.016624490359710923","9104","Machinery"
"Other clocks","1258","0.000006165923121322229","9105","Machinery"
"Apparatus for measuring intervals of time","5810859","0.028481168412435108","9106","Machinery"
"Time switches","6280492","0.030783013383210878","9107","Machinery"
"Watch movements, complete","1397","0.000006847213513900757","9108","Machinery"
"Clock movements, complete","12523","0.00006137985313856779","9109","Machinery"
"Watch straps","7075349","0.03467890142331011","9113","Machinery"
"Other clock or watch parts","43363","0.00021253809563584724","9114","Machinery"
"Pianos","782","0.000003832871129470575","9201","Machinery"
"Musical instruments, wind","49036","0.00024034356611856664","9205","Machinery"
"Musical instruments, percussion","29297","0.0001435954290026847","9206","Machinery"
"Musical instruments, electric","94623","0.0004637823080356703","9207","Machinery"
"Parts of musical instruments","8945221","0.043843835444544635","9209","Machinery"
"Other firearms","2498","0.000012243621587490405","9303","Machinery"
"Seats","120129808","0.5888006046957075","9401","Textiles"
"Medical, dental or veterinary furniture","583637","0.002860620725563706","9402","Textiles"
"Other furniture and parts","35134908","0.17220917456496768","9403","Textiles"
"Mattresses and bedding","10929097","0.0535675452205671","9404","Textiles"
"Lamps","19665682","0.09638877848996055","9405","Textiles"
"Prefabricated buildings","3949472","0.019357822513366253","9406","Textiles"
"Toys","51452160","0.2521860596072899","9503","Machinery"
"Games","5670890","0.027795128592587454","9504","Machinery"
"Christmas and other festivity articles","1836510","0.009001414524276222","9505","Machinery"
"Sports equipment","19931394","0.09769113124386579","9506","Machinery"
"Fishing and hunting equipment","1495433","0.007329670040610704","9507","Machinery"
"Fairground amusements","67437","0.0003305336705346639","9508","Machinery"
"Worked animal carving material","1377538","0.006751823056200303","9601","Machinery"
"Worked vegetable or mineral carving material","7937","0.0000389021715532071","9602","Machinery"
"Brooms and mops","2972550","0.014569566593232426","9603","Machinery"
"Travel sets","1963","0.000009621388781522682","9605","Machinery"
"Buttons","143306","0.0007023956906392713","9606","Machinery"
"Slide fasteners","4426187","0.021694378984575415","9607","Machinery"
"Pens","49867320","0.2444181728031593","9608","Machinery"
"Pencils, crayons, pastels, etc.","4741252","0.023238629038803863","9609","Machinery"
"Slates and boards, with writing or drawing surfaces","39099","0.00019163865510379797","9610","Machinery"
"Hand-operated stamps","9414","0.00004614149464557032","9611","Machinery"
"Typewriter ribbons and ink pads","42726","0.00020941592311733985","9612","Machinery"
"Cigarette lighters","5334629","0.026146989105545373","9613","Machinery"
"Smoking pipes","98614","0.0004833436746312164","9614","Machinery"
"Combs, hair-slides etc.","158582","0.0007772690146466786","9615","Machinery"
"Scent sprays","51410","0.00025197941785944024","9616","Machinery"
"Vacuum vessels","83210","0.00040784297529826923","9617","Machinery"
"Paintings and drawings","200518","0.0009828128556767016","9701","Textiles"
"Original engravings","24617","0.00012065701866263062","9702","Textiles"
"Sculptures","390967","0.0019162738195341714","9703","Textiles"
"Collectors pieces","843682","0.004135197417204596","9705","Textiles"
"Antiques >100 years","805175","0.00394646037298142","9706","Textiles"
"Commodities not specified according to kind","61887944","0.30333569542185634","9999","Other"
"Travel and tourism","1025347712","5.025608239122135","travel","Services"
"Transport","862955392","4.229663437362867","transport","Services"
"ICT","884855808","4.337005473436776","ict","Services"
"Insurance and finance","160066320","0.7845442157654712","financial","Services"